submission_id,user_id,group,status,finished_at,elapsed_ms,error,a_score,b_score,score,has_raw_factor,has_process_factor,has_regression_score,ic_mean,ic_ir,sharpe_ratio,stress_ic_ir
4bcd0f17-a81c-4d54-bb2d-003a063b2ed8,838f1bd5-0732-49fa-ae20-0a81e93feccc,838f1bd5-0732-49fa-ae20-0a81e93feccc,success,2026-07-05T19:49:30,375206.0,,0.9842657342657344,0.9825174825174824,0.983041958041958,True,True,True,0.039366439455548144,0.7162640226878201,8.126243411637915,0.923785553785819
70f50736-5f62-4a34-81be-6d203a0581de,002811d4-b565-40f1-a204-86a772241a04,002811d4-b565-40f1-a204-86a772241a04,success,2026-07-07T07:07:36,150090.0,,0.9379370629370628,1.0,0.9813811188811188,True,True,True,0.02252802386524424,0.67054832912817,6.822136629080013,0.7442265823173879
2a8a9371-6082-479e-a31f-4cced975980a,7700b1f8-5672-4b2d-a6f7-7facbf17e1ac,7700b1f8-5672-4b2d-a6f7-7facbf17e1ac,success,2026-07-07T08:03:34,1455872.0,,0.868881118881119,0.993006993006993,0.9557692307692308,True,True,True,0.024299570408887843,0.4202519414221395,2.3635414308711593,0.6216232859500419
e6ae5961-75db-4616-bfb6-8753333f6e7e,111632bf-c7a8-48b7-bd80-afc1a1d8cd03,111632bf-c7a8-48b7-bd80-afc1a1d8cd03,success,2026-07-07T10:54:07,30060.0,,0.8059440559440559,0.9755244755244756,0.9246503496503496,True,True,True,0.03218231534528089,0.5384308219698459,0.7492846315716071,0.3479677790347399
34fb09c9-d8bf-4eee-9e23-e8f46a70e8ee,8cc739a3-909e-4cae-ba43-639fb2b7ae70,8cc739a3-909e-4cae-ba43-639fb2b7ae70,success,2026-07-03T02:12:00,1095216.0,,0.9195804195804196,0.9265734265734266,0.9244755244755244,True,True,True,0.03588565493586904,0.6028953930066276,1.8019374839686302,0.6204808506793795
3ad368b1-e576-4b93-9479-d503b4aeb36e,ff770cf2-5f1a-4a00-80c2-7beeac6ef820,ff770cf2-5f1a-4a00-80c2-7beeac6ef820,success,2026-07-01T18:31:16,2096876.0,,0.944055944055944,0.8951048951048951,0.9097902097902096,True,True,True,0.033772117083643124,0.5740796127249859,5.259559992561232,0.545376207138387
c13962ca-be36-4a5f-82f7-ca10170e867c,8cc739a3-909e-4cae-ba43-639fb2b7ae70,8cc739a3-909e-4cae-ba43-639fb2b7ae70,success,2026-07-03T15:11:53,65089.0,,0.722027972027972,0.9545454545454546,0.8847902097902098,True,True,True,0.02683027545064891,0.4276613764778534,-0.5514692345131844,0.3751329084539744
44dc29fc-b54d-45f9-9cf3-864fe3aab305,ee52c8a1-6681-4fb1-88e5-080c11d1cac6,ee52c8a1-6681-4fb1-88e5-080c11d1cac6,success,2026-07-06T17:05:51,95211.0,,0.6477272727272727,0.972027972027972,0.8747377622377622,True,True,True,0.028236389708242226,0.5722035487969759,-1.4290820006104938,0.18387511163870898
6fe8c687-44d1-4c62-b691-a936faa39b06,675a83ab-9ffa-4859-80f3-701739b1cf6f,675a83ab-9ffa-4859-80f3-701739b1cf6f,success,2026-07-03T18:02:21,645094.0,,0.6861888111888113,0.944055944055944,0.8666958041958042,True,True,True,0.006773543122183423,0.18014690591603522,1.7597596514326794,0.3852606066900496
7bae192e-3dcf-4a4d-bbfc-70815914517f,894114a1-a006-4591-bbf1-35529905a8f6,894114a1-a006-4591-bbf1-35529905a8f6,success,2026-07-05T11:56:05,635147.0,,0.9073426573426572,0.8461538461538461,0.8645104895104895,True,True,True,0.03246965910809209,0.49480077713281007,5.543658058394534,0.44989511065637444
33e86025-5eb3-413e-8790-fb59c807e273,640e7de9-036d-476a-9807-7d67d605ad7f,640e7de9-036d-476a-9807-7d67d605ad7f,success,2026-07-06T23:39:14,630630.0,,0.840034965034965,0.8741258741258742,0.8638986013986014,True,True,True,0.04735649144796897,0.6428063906574415,1.591529981522824,0.2471754204150241
286783bf-9f29-4918-b951-56878335a9d2,46b48a49-a506-4013-b4ca-24a1bf168836,46b48a49-a506-4013-b4ca-24a1bf168836,success,2026-07-01T21:03:45,75294.0,,0.5559440559440559,0.986013986013986,0.856993006993007,True,True,True,0.014514222800423592,0.25920786515438604,0.4792047562041972,-0.08373012407666508
5670d573-77c4-407f-bf87-e4d428c926b5,7700b1f8-5672-4b2d-a6f7-7facbf17e1ac,7700b1f8-5672-4b2d-a6f7-7facbf17e1ac,success,2026-07-06T14:54:23,50141.0,,0.5926573426573427,0.958041958041958,0.8484265734265733,True,True,True,0.005137225041494756,0.16591154326539542,3.3566195558025,0.046657940074374155
a9fb3f57-a875-4684-b099-5c00e674b708,56d09546-719c-4e2d-9bf2-310e0cf789c1,56d09546-719c-4e2d-9bf2-310e0cf789c1,success,2026-07-05T13:24:53,525515.0,,0.7893356643356644,0.8601398601398601,0.8388986013986013,True,True,True,0.01192593976653238,0.276719575526479,3.7910125006458926,0.45314408741870904
f03e75af-d1b0-4622-84ff-3985ef5befc9,2f6ba3a8-e515-4d26-97ca-a61e7e215d9d,2f6ba3a8-e515-4d26-97ca-a61e7e215d9d,success,2026-07-06T16:02:20,70615.0,,0.5716783216783217,0.9475524475524476,0.8347902097902098,True,True,True,0.003927958024854341,0.05920052090371298,0.8837475499197368,0.30333550587600655
097479bc-7fb6-4b2e-b6d0-4dc7fe334fb9,46b48a49-a506-4013-b4ca-24a1bf168836,46b48a49-a506-4013-b4ca-24a1bf168836,success,2026-07-01T17:36:46,185631.0,,0.4702797202797203,0.9895104895104896,0.8337412587412587,True,True,True,0.012034508862569824,0.2654698094546258,-1.0615613174621947,-0.1294872425467572
f5a1b7e2-d66a-4fc9-9dd3-bc516fe5b54d,894114a1-a006-4591-bbf1-35529905a8f6,894114a1-a006-4591-bbf1-35529905a8f6,success,2026-07-07T12:52:46,805598.0,,0.923951048951049,0.7937062937062938,0.8327797202797202,True,True,True,0.03343821773685779,0.4887264361496913,4.682542318724013,0.5411054217759913
9281d3dd-af83-4780-af64-938d0fe0ba6d,7700b1f8-5672-4b2d-a6f7-7facbf17e1ac,7700b1f8-5672-4b2d-a6f7-7facbf17e1ac,success,2026-07-06T21:52:43,120424.0,,0.6284965034965035,0.9090909090909092,0.8249125874125874,True,True,True,0.014710980523105441,0.2674578729474923,-0.36693838924590017,0.26290906934679525
dadb86f5-b3a2-4898-880a-23d2422a4970,b9a72d61-a8ee-42a1-beb0-4d74f934dc6b,b9a72d61-a8ee-42a1-beb0-4d74f934dc6b,success,2026-07-03T14:14:12,20075.0,,0.5428321678321678,0.9335664335664337,0.8163461538461538,True,True,True,0.005618230820378453,0.1261041436449018,1.4145115280250782,0.05186436332197425
1f5c6c6f-6c9e-4293-9c6e-1e8ec7f42375,d38bfa6c-9a02-4ac4-9351-b1af783223e8,d38bfa6c-9a02-4ac4-9351-b1af783223e8,success,2026-07-04T09:31:54,145208.0,,0.7272727272727273,0.8496503496503497,0.8129370629370629,True,True,True,0.0335270845947759,0.40094984700704156,0.7863117477755475,0.1876090269579764
1309b945-9e5d-45e1-b660-ab7fcdff01db,2b615c3c-1166-4c4a-a1c4-88151fc73a24,2b615c3c-1166-4c4a-a1c4-88151fc73a24,success,2026-07-02T11:34:32,20903.0,,0.4230769230769231,0.965034965034965,0.8024475524475524,True,True,True,0.0024752290621334904,0.05871750546826858,0.2485901970801843,0.04428049139002155
376eeab4-f20d-40e1-91c9-b43790537b2b,ee52c8a1-6681-4fb1-88e5-080c11d1cac6,ee52c8a1-6681-4fb1-88e5-080c11d1cac6,success,2026-07-06T17:04:50,110431.0,,0.6407342657342657,0.8706293706293706,0.8016608391608391,True,True,True,0.02001720927609158,0.38926871635190036,-0.5385483097327605,0.22240077899209978
10180682-adb6-4432-b4aa-444fbda6a55b,256b16e3-cf3c-4520-8384-9507b27382f1,256b16e3-cf3c-4520-8384-9507b27382f1,success,2026-07-03T11:48:30,15041.0,,0.4606643356643357,0.9405594405594404,0.7965909090909091,True,True,True,0.00374307063046094,0.11872600148047899,-1.512292522202119,0.26665281492603116
1cc0328f-f627-49ec-b7d1-44f9ee1cf8e9,675a83ab-9ffa-4859-80f3-701739b1cf6f,675a83ab-9ffa-4859-80f3-701739b1cf6f,success,2026-07-01T19:08:21,95297.0,,0.7578671328671329,0.8111888111888111,0.7951923076923075,True,True,True,0.013501693347067486,0.28994034183885103,4.260280190109611,0.2536866714057449
280c2936-c027-4513-8ab6-3511c0a61ac2,e5f17ec9-2cbc-4af3-bcb2-6970d2797b71,e5f17ec9-2cbc-4af3-bcb2-6970d2797b71,success,2026-07-02T14:49:19,65145.0,,0.3461538461538461,0.9790209790209792,0.7891608391608391,True,True,True,-0.00026833287001647394,-0.003597546479175085,-2.8245427176123417,0.27245713889533923
83f434e8-c106-4974-b1d3-7667817006c3,2b615c3c-1166-4c4a-a1c4-88151fc73a24,2b615c3c-1166-4c4a-a1c4-88151fc73a24,success,2026-07-02T12:28:17,15117.0,,0.4676573426573426,0.9230769230769232,0.786451048951049,True,True,True,0.011867039778976516,0.26549567754454556,-1.245196551277979,-0.09012159538832398
5718ea8c-9223-4d16-af19-341d12c55777,256b16e3-cf3c-4520-8384-9507b27382f1,256b16e3-cf3c-4520-8384-9507b27382f1,success,2026-07-03T15:55:33,15088.0,,0.2884615384615384,0.9965034965034965,0.784090909090909,True,True,True,0.001499774552143339,0.040620359845886196,-1.0449804367728361,-0.20592113970961096
4e1446b0-d28f-408f-817e-539d90f4553c,7700b1f8-5672-4b2d-a6f7-7facbf17e1ac,7700b1f8-5672-4b2d-a6f7-7facbf17e1ac,success,2026-07-06T23:24:26,7067716.0,,0.534965034965035,0.8881118881118881,0.782167832167832,True,True,True,0.0038400041026878497,0.09542410423800843,0.9749458815701947,0.16834936230899203
e67d6106-1edc-425d-9317-23c99e7847fe,e5f17ec9-2cbc-4af3-bcb2-6970d2797b71,e5f17ec9-2cbc-4af3-bcb2-6970d2797b71,success,2026-07-02T13:25:52,65063.0,,0.3994755244755245,0.9370629370629372,0.7757867132867132,True,True,True,0.0034989089109700626,0.05119751720554675,0.9841700239241584,-0.2662900765482273
c8b63fa8-d20c-4b09-ad1c-67eda91a2b38,b9a72d61-a8ee-42a1-beb0-4d74f934dc6b,b9a72d61-a8ee-42a1-beb0-4d74f934dc6b,success,2026-07-01T16:23:03,115296.0,,0.5568181818181818,0.8671328671328671,0.7740384615384615,True,True,True,0.007549711585397097,0.15413387530982606,2.420092435203422,-0.08491666949414882
cfb5ad03-d16a-4ec7-8ffd-3b92d23a9054,0a795020-64cd-45d4-8a77-a24b9cfbd968,0a795020-64cd-45d4-8a77-a24b9cfbd968,success,2026-07-06T15:01:55,75284.0,,0.4501748251748252,0.9125874125874126,0.7738636363636364,True,True,True,0.003699119165901594,0.053137125930739576,-0.8674153245391466,0.253312842250909
c0cc6ffe-5405-4b14-8fcf-f1c4bb741cca,7700b1f8-5672-4b2d-a6f7-7facbf17e1ac,7700b1f8-5672-4b2d-a6f7-7facbf17e1ac,success,2026-07-07T07:40:03,45162.0,,0.4737762237762237,0.8986013986013986,0.7711538461538461,True,True,True,0.0038857447059705125,0.10358111621924462,-0.215000860322659,0.13361859886569202
ef16de92-92f5-4a39-b3cb-a33a5bd6ba64,df1cf856-fb0e-4348-b462-0d4e229bbb88,df1cf856-fb0e-4348-b462-0d4e229bbb88,success,2026-07-06T15:24:26,25103.0,,0.3435314685314685,0.951048951048951,0.7687937062937061,True,True,True,0.0027107254633228135,0.05895648335820417,-1.1314167030568618,-0.019051321100853294
212693dc-2179-49fe-9774-c3913275b0b1,ddcd891a-5bd3-4252-ac0c-d8a77d029e18,ddcd891a-5bd3-4252-ac0c-d8a77d029e18,success,2026-07-01T19:11:35,105399.0,,0.791083916083916,0.7587412587412588,0.7684440559440558,True,True,True,0.019386611586287673,0.37796966330490034,1.1787166095203636,0.5269308051593129
c45abc14-cb94-42de-88bd-17842d43b7f2,df010c22-69d5-4218-bb22-9d212349929d,df010c22-69d5-4218-bb22-9d212349929d,success,2026-07-04T16:22:10,425124.0,,0.6153846153846153,0.8286713286713286,0.7646853146853146,True,True,True,0.014048115887043328,0.3577787385282062,0.4796080289325055,0.09273403362685201
00168864-185a-4a46-8091-c6629b11bc7d,b9a72d61-a8ee-42a1-beb0-4d74f934dc6b,b9a72d61-a8ee-42a1-beb0-4d74f934dc6b,success,2026-07-01T16:28:38,145512.0,,0.4807692307692308,0.8811188811188811,0.761013986013986,True,True,True,0.0054822324305433545,0.11720408105232608,1.3194898657798861,-0.15331500404905962
7e600007-2ca7-42f1-988e-14deb07659ac,c986cb7a-b18e-4fea-86ac-aeca811b2520,c986cb7a-b18e-4fea-86ac-aeca811b2520,success,2026-07-06T14:47:45,35120.0,,0.3522727272727273,0.93006993006993,0.7567307692307692,True,True,True,0.0008301960033074655,0.023539443357481902,-0.48742213895830855,0.006212292170158008
c3a729a8-df2e-470f-af52-528e37c0698b,e2c38911-b760-4324-bbce-60e68a9aea68,e2c38911-b760-4324-bbce-60e68a9aea68,success,2026-07-02T16:23:38,65137.0,,0.6372377622377622,0.7972027972027972,0.7492132867132867,True,True,True,0.021717682679391098,0.3871613969546023,-0.357357252999541,0.16313826754646343
7460cdc2-f9c7-4551-9a93-5a61ec073d24,df1cf856-fb0e-4348-b462-0d4e229bbb88,df1cf856-fb0e-4348-b462-0d4e229bbb88,success,2026-07-07T14:11:01,35174.0,,0.7631118881118881,0.7412587412587412,0.7478146853146853,True,True,True,0.012853639040009449,0.2550185074165912,1.929565424588986,0.4795751467616559
1d6776c3-e86d-46f8-83b9-49c191153228,59d208d1-2373-4c80-a496-f9ca5d83de7f,59d208d1-2373-4c80-a496-f9ca5d83de7f,success,2026-07-01T16:39:06,300549.0,,0.5533216783216783,0.8216783216783217,0.7411713286713286,True,True,True,0.012594094742597258,0.2790327766252229,-0.1642894938605124,0.028490679017688755
cac9763c-5f11-4ee3-b64e-e46244d40356,7356b0db-ee2c-4bac-beaa-cd8ae1623558,7356b0db-ee2c-4bac-beaa-cd8ae1623558,success,2026-07-01T18:18:25,260901.0,,0.4501748251748252,0.8636363636363636,0.739597902097902,True,True,True,0.003699119165901594,0.053137125930739576,-0.8674153245391466,0.253312842250909
683e033a-6822-4802-9f74-edfcc6f9299a,bf189f7a-fb52-40e2-ae6e-1dfb120b6382,bf189f7a-fb52-40e2-ae6e-1dfb120b6382,success,2026-07-01T18:57:10,20099.0,,0.8365384615384616,0.6958041958041958,0.7380244755244756,True,True,True,0.031550473440575114,0.5016212694168402,1.5020113641937867,0.36508639814317156
8db4019b-8383-422c-89f0-13c47797fc28,7700b1f8-5672-4b2d-a6f7-7facbf17e1ac,7700b1f8-5672-4b2d-a6f7-7facbf17e1ac,success,2026-07-07T07:51:05,100488.0,,0.7508741258741259,0.7307692307692307,0.7368006993006992,True,True,True,0.01711747137606205,0.4244076638053332,0.6677157275295145,0.3874844942291671
cc896896-cc9c-4bce-afcc-c5b1f1114af9,8cc739a3-909e-4cae-ba43-639fb2b7ae70,8cc739a3-909e-4cae-ba43-639fb2b7ae70,success,2026-07-01T19:03:38,40162.0,,0.6223776223776224,0.7657342657342657,0.7227272727272727,True,True,True,0.010436108118454229,0.2329485185666552,0.18722899568440868,0.27157265260716607
4b5e1118-4eb8-4232-9cb2-a61277f6731c,f1741e17-e9fb-496d-9648-465d0aab6f40,f1741e17-e9fb-496d-9648-465d0aab6f40,success,2026-07-05T23:26:19,35107.0,,0.4501748251748252,0.8391608391608392,0.722465034965035,True,True,True,0.003699119165901594,0.053137125930739576,-0.8674153245391466,0.253312842250909
909e9da6-041a-4205-93de-a881622bae61,6a14a5e1-187c-47cf-b5bb-9107453f8aee,6a14a5e1-187c-47cf-b5bb-9107453f8aee,success,2026-07-02T00:03:01,105166.0,,0.4501748251748252,0.8356643356643356,0.7200174825174825,True,True,True,0.003699119165901594,0.053137125930739576,-0.8674153245391466,0.253312842250909
0dd5148c-579b-4cc2-b934-06c6eec594c6,b9a72d61-a8ee-42a1-beb0-4d74f934dc6b,b9a72d61-a8ee-42a1-beb0-4d74f934dc6b,success,2026-07-06T16:26:28,35075.0,,0.3881118881118881,0.8566433566433567,0.716083916083916,True,True,True,0.0034252461651913388,0.10210323203095509,-0.5153342117946743,-0.03122429271714217
884dde43-8d0d-48a8-8763-c41771105d78,fe8d2569-5e1a-4aaf-83d2-296318238bd3,fe8d2569-5e1a-4aaf-83d2-296318238bd3,success,2026-07-01T23:40:31,35075.0,,0.1372377622377622,0.9615384615384616,0.7142482517482517,True,True,True,-0.005986531292248291,-0.11481541934376525,-1.7621332953466786,-0.38919250827690316
97cf745a-d574-49dc-a4ec-302116fd8265,b9a72d61-a8ee-42a1-beb0-4d74f934dc6b,b9a72d61-a8ee-42a1-beb0-4d74f934dc6b,success,2026-07-06T16:26:33,40101.0,,0.4370629370629371,0.8321678321678322,0.7136363636363636,True,True,True,0.005440052304985043,0.15442510297767434,-2.009830091416999,0.19564863091156834
9cb760fb-7f1a-4095-9709-6b027b095773,675a83ab-9ffa-4859-80f3-701739b1cf6f,675a83ab-9ffa-4859-80f3-701739b1cf6f,success,2026-07-02T17:47:54,225223.0,,0.118006993006993,0.9685314685314684,0.7133741258741259,True,True,True,-0.0031965690849945134,-0.09262541545806292,-3.9872618965827007,-0.49495914031963273
7192324f-87e0-4988-9e63-6965a3c72e94,e5f17ec9-2cbc-4af3-bcb2-6970d2797b71,e5f17ec9-2cbc-4af3-bcb2-6970d2797b71,success,2026-07-02T14:02:15,131697.0,,0.2298951048951049,0.9195804195804196,0.712674825174825,True,True,True,-0.008702460785754849,-0.11389536181868919,-1.3945229565362438,0.06414689762369848
56074bfc-ce6e-4988-989a-905ee00140c7,e2c38911-b760-4324-bbce-60e68a9aea68,e2c38911-b760-4324-bbce-60e68a9aea68,success,2026-07-01T16:26:08,300439.0,,0.7744755244755245,0.6853146853146853,0.712062937062937,True,True,True,0.027156725299002687,0.39912270356719654,3.192774489236761,0.15999223862271467
13a4da26-616b-4cca-bc20-c7081f0abc85,fd6e9a41-6008-4f65-8cac-701d4307d214,fd6e9a41-6008-4f65-8cac-701d4307d214,success,2026-07-07T12:34:47,630243.0,,0.9152097902097902,0.6223776223776224,0.7102272727272727,True,True,True,0.021837669937914146,0.5625266538834913,6.237862482761155,0.6099603285665544
ceaed1fb-8366-446d-88ad-4d26987db8a9,675a83ab-9ffa-4859-80f3-701739b1cf6f,675a83ab-9ffa-4859-80f3-701739b1cf6f,success,2026-07-04T10:30:52,240048.0,,0.2596153846153846,0.902097902097902,0.7093531468531468,True,True,True,-0.0017871178927185434,-0.036434546739011045,-0.832410071411408,-0.303336782189368
c1d07677-7f99-4cdb-84d2-c06e7223b567,e5f17ec9-2cbc-4af3-bcb2-6970d2797b71,e5f17ec9-2cbc-4af3-bcb2-6970d2797b71,success,2026-07-02T14:35:30,50128.0,,0.2395104895104895,0.9055944055944056,0.7057692307692307,True,True,True,-0.00683439971233025,-0.09826834594146698,-1.3848865658468779,0.0509388293648732
aa4d912d-637a-43cd-84bb-db689c32bcc2,e4d0e995-ccba-40bd-b2b2-9c0cd9115cd2,e4d0e995-ccba-40bd-b2b2-9c0cd9115cd2,success,2026-07-04T05:10:04,30045.0,,0.6765734265734267,0.7132867132867133,0.7022727272727273,True,True,True,0.03185122573748554,0.43262758351609715,0.3088532957300527,0.08404951686528438
c2c6d707-6990-4269-b8b2-8ce007f9abf9,c489445a-4837-4e08-b02f-3db2ec567b54,c489445a-4837-4e08-b02f-3db2ec567b54,success,2026-07-04T19:30:34,25338.0,,0.4501748251748252,0.8041958041958042,0.6979895104895104,True,True,True,0.003699119165901594,0.053137125930739576,-0.8674153245391466,0.253312842250909
4847bf64-d72c-46be-b889-1435c970a559,111632bf-c7a8-48b7-bd80-afc1a1d8cd03,111632bf-c7a8-48b7-bd80-afc1a1d8cd03,success,2026-07-05T12:29:03,130062.0,,0.9082167832167832,0.6013986013986014,0.6934440559440558,True,True,True,0.04757196843043836,0.7335737777148488,1.540519486066591,0.46451543605242757
545ef007-40cf-4ddb-a85d-c6c8abc024e1,7700b1f8-5672-4b2d-a6f7-7facbf17e1ac,7700b1f8-5672-4b2d-a6f7-7facbf17e1ac,success,2026-07-07T08:31:30,25491.0,,0.4842657342657342,0.7797202797202797,0.691083916083916,True,True,True,0.0041239270720200725,0.11271128982238082,0.27798753558115885,0.10033416900750214
df2bfeda-c5ab-4900-a5dd-00302d34144a,b9a72d61-a8ee-42a1-beb0-4d74f934dc6b,b9a72d61-a8ee-42a1-beb0-4d74f934dc6b,success,2026-07-01T16:23:08,120340.0,,0.5472027972027972,0.7517482517482518,0.6903846153846154,True,True,True,0.005915227303671365,0.12943627988905199,2.509483163319515,-0.08936918070555588
1bb8e50f-ff51-4620-bbdc-5a18f5f48284,e4d0e995-ccba-40bd-b2b2-9c0cd9115cd2,e4d0e995-ccba-40bd-b2b2-9c0cd9115cd2,success,2026-07-04T10:52:56,50118.0,,0.3994755244755245,0.8146853146853147,0.6901223776223776,True,True,True,0.008984996443186203,0.12600003297576887,-1.2559630681313776,-0.03950727564835644
19a20ed4-7b82-4937-8cc7-b835037656c6,46b48a49-a506-4013-b4ca-24a1bf168836,46b48a49-a506-4013-b4ca-24a1bf168836,success,2026-07-03T22:02:25,105209.0,,0.9213286713286714,0.583916083916084,0.6851398601398602,True,True,True,0.032913408498487076,0.5388544779661262,2.3027731672925706,0.7110407869011711
4f8c4099-3d59-4f07-8e81-a8ebf9653a5b,9ff8ead8-0f37-11ed-93bb-da75731aa77c,9ff8ead8-0f37-11ed-93bb-da75731aa77c,success,2026-07-01T18:03:35,230386.0,,0.9291958041958044,0.5804195804195804,0.6850524475524475,True,True,True,0.04419548436041985,0.6585386340631627,2.136288826718061,0.5400851269300273
b9f9589b-efac-4b48-a109-defe1a554542,8de94cbe-ae28-401b-8cc2-fb13a89c9804,8de94cbe-ae28-401b-8cc2-fb13a89c9804,success,2026-07-01T18:20:25,455890.0,,0.7980769230769231,0.6328671328671329,0.6824300699300699,True,True,True,0.0256822068516259,0.4706674283447695,2.3816467944239053,0.21732559750842445
b9ce4179-1d54-4fb7-9013-af87a969d137,b9a72d61-a8ee-42a1-beb0-4d74f934dc6b,b9a72d61-a8ee-42a1-beb0-4d74f934dc6b,success,2026-07-03T17:31:54,114047.0,,0.9265734265734268,0.5769230769230769,0.6818181818181819,True,True,True,0.03954323657026395,0.4349793253274147,3.1936844367555737,0.648769428337232
1951f1f4-066b-4d33-9b77-36dc080168db,b546fea6-1afc-42c9-b4ef-7820aaad20c6,b546fea6-1afc-42c9-b4ef-7820aaad20c6,success,2026-07-07T02:55:29,15121.0,,0.2097902097902097,0.8776223776223776,0.6772727272727272,True,True,True,-0.00602408216053768,-0.12823427471920268,-0.010732213599516281,-0.39174665056916835
64591172-f987-4c2a-a42c-6ae026dad9ab,675a83ab-9ffa-4859-80f3-701739b1cf6f,675a83ab-9ffa-4859-80f3-701739b1cf6f,success,2026-07-02T08:56:45,20051.0,,0.5314685314685315,0.7377622377622378,0.6758741258741259,True,True,True,0.0111347778206578,0.1773430443292767,1.0093308996326353,-0.14209307624906334
729a2dd1-dd1b-4dfc-b02c-d13db2701bd5,fe8d2569-5e1a-4aaf-83d2-296318238bd3,fe8d2569-5e1a-4aaf-83d2-296318238bd3,success,2026-07-02T11:05:26,70254.0,,0.3076923076923077,0.8251748251748252,0.6699300699300699,True,True,True,-0.0015169463762484485,-0.046987239606297054,-0.06946291471518055,-0.19778191448657859
1aae18ac-cd7f-4c87-826c-ef497ee80dcf,9059556e-ee71-4729-9b62-e15f75389581,9059556e-ee71-4729-9b62-e15f75389581,success,2026-07-07T13:13:34,680681.0,,0.8881118881118881,0.5734265734265734,0.6678321678321678,True,True,True,0.029461023804690116,0.6842966500538602,1.6020355564473983,0.5091193694305158
ea32fb65-d5a2-4d46-824b-7be513a3989e,df1cf856-fb0e-4348-b462-0d4e229bbb88,df1cf856-fb0e-4348-b462-0d4e229bbb88,success,2026-07-06T16:03:00,115685.0,,0.4798951048951049,0.7482517482517482,0.6677447552447552,True,True,True,0.004415282031518072,0.09998558538794806,-0.30756843828087577,0.152370965319897
23bc8a6e-c64b-4e5f-af3b-6830ab6e2565,838f1bd5-0732-49fa-ae20-0a81e93feccc,838f1bd5-0732-49fa-ae20-0a81e93feccc,success,2026-07-01T19:05:40,45100.0,,0.8933566433566433,0.5699300699300699,0.6669580419580419,True,True,True,0.03500801927864008,0.5092526351944948,1.667414439114971,0.5423402692433874
50ce32ee-7396-44ba-842c-b5e34ef89cbe,5bb8bcf4-da26-4202-aa77-08af633a3a33,5bb8bcf4-da26-4202-aa77-08af633a3a33,success,2026-07-07T01:58:04,165088.0,,0.6809440559440559,0.6538461538461539,0.6619755244755244,True,True,True,0.017140657693131566,0.1804357575993639,1.8079313955695973,0.19551347643331105
7d3995b7-407a-40ad-a50a-993872eab98c,9c8bfff3-e06f-4a53-85b9-065d3d9981d1,9c8bfff3-e06f-4a53-85b9-065d3d9981d1,success,2026-07-05T22:34:15,60208.0,,0.3566433566433566,0.7902097902097902,0.66013986013986,True,True,True,0.009190927729742754,0.1625186820450689,-2.6944505617491172,-0.11753805135125953
39606f73-dabb-4137-a3e5-394d1ff01d9a,e5f17ec9-2cbc-4af3-bcb2-6970d2797b71,e5f17ec9-2cbc-4af3-bcb2-6970d2797b71,success,2026-07-02T00:17:52,35061.0,,0.8618881118881119,0.5664335664335665,0.6550699300699301,True,True,True,0.028743757468572273,0.4381875756158273,2.0108400577138914,0.4909613355919197
b0ca377d-78e5-4bdc-8e09-b7e4fc63ac5f,e5f17ec9-2cbc-4af3-bcb2-6970d2797b71,e5f17ec9-2cbc-4af3-bcb2-6970d2797b71,success,2026-07-02T09:54:34,40101.0,,0.4178321678321678,0.7552447552447552,0.654020979020979,True,True,True,-0.005893896750597187,-0.06200066192408815,3.272956965608252,0.00944815669707123
5fab8c02-35fa-498f-a6fc-2e6b83f15ee0,ee52c8a1-6681-4fb1-88e5-080c11d1cac6,ee52c8a1-6681-4fb1-88e5-080c11d1cac6,success,2026-07-06T01:38:23,15088.0,,0.8741258741258742,0.5594405594405595,0.6538461538461539,True,True,True,0.021048344633949754,0.5213795995945996,2.8704240536486023,0.5062783969052108
c8c6e56a-5910-4ab2-a5ac-45bc3f3d8669,0a795020-64cd-45d4-8a77-a24b9cfbd968,0a795020-64cd-45d4-8a77-a24b9cfbd968,success,2026-07-06T20:59:54,166196.0,,0.2622377622377622,0.8181818181818182,0.6513986013986014,True,True,True,-0.004068773861503945,-0.10507515713844601,-1.1952496136169375,0.06253402130972624
b3a3906c-a56b-40d2-8865-a5ae677a1749,49209a89-d865-4d83-9764-8634fc235fcd,49209a89-d865-4d83-9764-8634fc235fcd,success,2026-07-04T14:08:45,20104.0,,0.0297202797202797,0.916083916083916,0.650174825174825,True,True,True,-0.028840898414082133,-0.4931661638178865,-3.751293093906852,-0.4021496824380776
1474456c-e9c2-49ef-8ec9-4dec22189880,a6d7a8cd-b596-4f00-9155-807083d1665d,a6d7a8cd-b596-4f00-9155-807083d1665d,success,2026-07-06T10:20:11,115184.0,,0.1590909090909091,0.8531468531468531,0.6449300699300698,True,True,True,-0.015818183008587502,-0.27129490232431125,-1.6469932637051559,-0.01604944925035657
efb8ae86-c2c9-4faa-911d-2141cbe31033,9ff8ead8-0f37-11ed-93bb-da75731aa77c,9ff8ead8-0f37-11ed-93bb-da75731aa77c,success,2026-07-03T08:37:35,80128.0,,0.5821678321678322,0.6713286713286714,0.6445804195804196,True,True,True,0.005455618623219981,0.1586819597907307,2.998650362842559,0.040544906908174194
9dc0257c-20da-4c88-9171-494005824e2e,675a83ab-9ffa-4859-80f3-701739b1cf6f,675a83ab-9ffa-4859-80f3-701739b1cf6f,success,2026-07-02T14:36:25,105128.0,,0.0664335664335664,0.8916083916083916,0.644055944055944,True,True,True,-0.015338464985873396,-0.23675803768669756,-2.435578570509169,-0.5480532087007642
b639e425-9177-44b0-816f-8b5f9dd7cc49,b9a72d61-a8ee-42a1-beb0-4d74f934dc6b,b9a72d61-a8ee-42a1-beb0-4d74f934dc6b,success,2026-07-03T11:06:16,75347.0,,0.4082167832167833,0.7447552447552448,0.6437937062937064,True,True,True,0.004332849516645624,0.10323757642949495,-0.05339741054331678,-0.154226675934914
e5394c42-0600-4424-9045-0a63713b84c6,46b48a49-a506-4013-b4ca-24a1bf168836,46b48a49-a506-4013-b4ca-24a1bf168836,success,2026-07-01T18:41:58,295488.0,,0.5751748251748252,0.6678321678321678,0.640034965034965,True,True,True,0.015738058004573945,0.15819156465764897,1.0001328455939151,0.020527657497637828
748898ff-c184-460e-ac7b-81e01945fa74,0ffca298-0f38-11ed-93bb-da75731aa77c,0ffca298-0f38-11ed-93bb-da75731aa77c,success,2026-07-01T18:32:13,105162.0,,0.4501748251748252,0.7167832167832168,0.6368006993006992,True,True,True,0.003699119165901594,0.053137125930739576,-0.8674153245391466,0.253312842250909
3bc4197d-9f3e-4d77-815a-ebd0a672222a,3a78b142-0f38-11ed-93bb-da75731aa77c,3a78b142-0f38-11ed-93bb-da75731aa77c,success,2026-07-01T19:07:06,45688.0,,0.8269230769230769,0.548951048951049,0.6323426573426573,True,True,True,0.03687185739204586,0.40440107119858854,1.6174152768948362,0.318983041154408
5967a332-484d-4815-8ed3-d32ff8f95117,e2c38911-b760-4324-bbce-60e68a9aea68,e2c38911-b760-4324-bbce-60e68a9aea68,success,2026-07-01T16:34:00,291245.0,,0.6765734265734267,0.6083916083916084,0.6288461538461538,True,True,True,0.03185122573748554,0.43262758351609715,0.3088532957300527,0.08404951686528438
9d9f9206-df63-44a1-b757-35afd97fd4fe,b9a72d61-a8ee-42a1-beb0-4d74f934dc6b,b9a72d61-a8ee-42a1-beb0-4d74f934dc6b,success,2026-07-06T16:37:00,250991.0,,0.1284965034965035,0.8426573426573427,0.6284090909090909,True,True,True,-0.0056171183734511,-0.1976585668778109,-2.365194571121526,-0.24942903676373143
b3344f28-5414-4c7a-bd00-74e270d41dc3,ff770cf2-5f1a-4a00-80c2-7beeac6ef820,ff770cf2-5f1a-4a00-80c2-7beeac6ef820,success,2026-07-01T18:56:05,1361584.0,,0.833916083916084,0.5384615384615384,0.6270979020979021,True,True,True,0.03509527413733112,0.41583253214488025,2.2290937704720846,0.2937498801719056
dcb163c8-0588-4acd-9e26-0db8348fb6d5,7356b0db-ee2c-4bac-beaa-cd8ae1623558,7356b0db-ee2c-4bac-beaa-cd8ae1623558,success,2026-07-03T22:59:33,35139.0,,0.5367132867132867,0.6573426573426573,0.6211538461538461,True,True,True,0.007905859559888257,0.12461705043076866,0.8612354377774573,0.1137272994403928
5f90b118-8274-4db8-8862-39ca9e1cca8e,675a83ab-9ffa-4859-80f3-701739b1cf6f,675a83ab-9ffa-4859-80f3-701739b1cf6f,success,2026-07-06T18:26:56,25080.0,,0.2333916083916083,0.7867132867132867,0.6207167832167831,True,True,True,-0.003876919788598,-0.13862269865888677,-1.9254015872257,0.0946913938070135
e93ed33b-fede-484a-9238-c736715bb23e,c72b1b82-0c1d-45f4-a927-025a87bd6c5a,c72b1b82-0c1d-45f4-a927-025a87bd6c5a,success,2026-07-01T16:51:52,110795.0,,0.2412587412587412,0.7832167832167832,0.6206293706293706,True,True,True,-0.0054822324305433545,-0.11720408105232608,-2.3752373692774498,0.15331500404905962
d5f23932-a55b-495f-8f5d-f304760076da,b9a72d61-a8ee-42a1-beb0-4d74f934dc6b,b9a72d61-a8ee-42a1-beb0-4d74f934dc6b,success,2026-07-03T16:37:46,70255.0,,0.5655594405594406,0.6433566433566433,0.6200174825174825,True,True,True,0.007404778891928046,0.17832735613175807,-1.176918270875856,0.4666516888721122
77888c07-ad44-406e-829b-c34182f5eb47,9ff8ead8-0f37-11ed-93bb-da75731aa77c,9ff8ead8-0f37-11ed-93bb-da75731aa77c,success,2026-07-01T18:51:37,150488.0,,0.270979020979021,0.7692307692307693,0.6197552447552447,True,True,True,-0.0021644002533962453,-0.050106474156373454,-0.15150148793201654,-0.33691250277311796
906a9c79-421d-44ed-9919-2f3b1dbca9e2,46b48a49-a506-4013-b4ca-24a1bf168836,46b48a49-a506-4013-b4ca-24a1bf168836,success,2026-07-02T00:08:55,50156.0,,0.8741258741258742,0.5104895104895105,0.6195804195804195,True,True,True,0.025881429142062495,0.37966670864973634,3.884941564911279,0.5413992114633882
6f28f317-f190-4c2d-8a13-ef086e22bbe4,675a83ab-9ffa-4859-80f3-701739b1cf6f,675a83ab-9ffa-4859-80f3-701739b1cf6f,success,2026-07-01T19:37:41,200094.0,,0.3645104895104895,0.7237762237762237,0.6159965034965034,True,True,True,9.287299945427638e-05,0.0027207617820516,-1.271171187922588,0.20454460179821973
47aac9ce-9ea0-461a-8ddb-2e3b7066b515,675a83ab-9ffa-4859-80f3-701739b1cf6f,675a83ab-9ffa-4859-80f3-701739b1cf6f,success,2026-07-01T18:58:23,260502.0,,0.7412587412587412,0.5559440559440559,0.6115384615384616,True,True,True,0.009001303156868413,0.19899760571313613,2.2201422045216987,0.5352167541845988
276284a0-cfd2-41d1-9eaf-4381f0e08d8c,b9a72d61-a8ee-42a1-beb0-4d74f934dc6b,b9a72d61-a8ee-42a1-beb0-4d74f934dc6b,success,2026-07-03T10:55:49,45232.0,,0.6503496503496504,0.5944055944055944,0.6111888111888112,True,True,True,0.009098100349327542,0.24723470441773837,1.3743861714316619,0.2529162256309411
af88a4bf-59a4-4c64-acb6-c6f9c98c0f79,0a795020-64cd-45d4-8a77-a24b9cfbd968,0a795020-64cd-45d4-8a77-a24b9cfbd968,success,2026-07-06T21:28:55,135883.0,,0.4519230769230768,0.6783216783216783,0.6104020979020979,True,True,True,0.0038170139168743275,0.09247388679537367,0.6984025122198672,-0.07770932574433913
4b5cff0b-6931-44f5-a404-2689a32307c2,9ff8ead8-0f37-11ed-93bb-da75731aa77c,9ff8ead8-0f37-11ed-93bb-da75731aa77c,success,2026-07-04T19:25:16,80080.0,,0.1346153846153846,0.8006993006993007,0.6008741258741258,True,True,True,-0.006534338651563834,-0.133896033780503,-2.7199665423146446,-0.13607689555238986
767eeb58-0253-4157-a5fc-6a2f3c5cd985,ad1b1e03-16fa-4186-9261-dc579a8baeaa,ad1b1e03-16fa-4186-9261-dc579a8baeaa,success,2026-07-04T07:26:31,55163.0,,0.4501748251748252,0.6643356643356644,0.6000874125874126,True,True,True,0.003699119165901594,0.053137125930739576,-0.8674153245391466,0.253312842250909
3387ac10-7dcb-4182-8dcc-a9da7e896075,0a795020-64cd-45d4-8a77-a24b9cfbd968,0a795020-64cd-45d4-8a77-a24b9cfbd968,success,2026-07-07T11:26:21,80210.0,,0.6031468531468531,0.5874125874125874,0.5921328671328672,True,True,True,0.011555383774518731,0.21089559202877056,1.4134864910318032,0.04258825792187475
c785e478-66f8-4dbd-bd0b-f9470d2a2ecf,d38bfa6c-9a02-4ac4-9351-b1af783223e8,d38bfa6c-9a02-4ac4-9351-b1af783223e8,success,2026-07-03T16:05:47,30122.0,,0.4501748251748252,0.6503496503496503,0.5902972027972027,True,True,True,0.003699119165901594,0.053137125930739576,-0.8674153245391466,0.253312842250909
0698c01f-6a8b-4969-b3f9-965745be9078,e4d0e995-ccba-40bd-b2b2-9c0cd9115cd2,e4d0e995-ccba-40bd-b2b2-9c0cd9115cd2,success,2026-07-03T22:59:48,50148.0,,0.4501748251748252,0.6468531468531469,0.5878496503496503,True,True,True,0.003699119165901594,0.053137125930739576,-0.8674153245391466,0.253312842250909
f8647449-d5bf-4b05-89a0-e4a81107aba6,ad1b1e03-16fa-4186-9261-dc579a8baeaa,ad1b1e03-16fa-4186-9261-dc579a8baeaa,success,2026-07-06T10:54:26,90860.0,,0.069055944055944,0.8076923076923077,0.5861013986013985,True,True,True,-0.010955933541225513,-0.2492445362938161,-3.263530512443722,-0.3682857498921671
73b6afad-568e-4f6d-8677-c815b22f8899,9ff8ead8-0f37-11ed-93bb-da75731aa77c,9ff8ead8-0f37-11ed-93bb-da75731aa77c,success,2026-07-02T21:09:52,150896.0,,0.6818181818181819,0.541958041958042,0.583916083916084,True,True,True,0.027231124478166946,0.35544943937189244,-0.4132850160400908,0.26972248892362966
4ec02a39-de56-4aa7-8c19-b195f212b3cd,5dd35480-0f38-11ed-93bb-da75731aa77c,5dd35480-0f38-11ed-93bb-da75731aa77c,success,2026-07-02T16:03:41,75125.0,,0.1590909090909091,0.7622377622377622,0.5812937062937062,True,True,True,-0.015818183008587502,-0.27129490232431125,-1.6469932637051559,-0.01604944925035657
8b03500e-2055-461e-8623-a08f17010f1a,46b48a49-a506-4013-b4ca-24a1bf168836,46b48a49-a506-4013-b4ca-24a1bf168836,success,2026-07-03T08:15:07,185120.0,,0.8199300699300699,0.4755244755244755,0.5788461538461538,True,True,True,0.014207221405080708,0.3314682994004812,2.206300917681368,0.7546279334250868
7de11a45-8b4a-4048-8232-14692651353b,e4d0e995-ccba-40bd-b2b2-9c0cd9115cd2,e4d0e995-ccba-40bd-b2b2-9c0cd9115cd2,success,2026-07-06T02:56:44,35129.0,,0.6153846153846154,0.5629370629370629,0.5786713286713286,True,True,True,0.02555123964948126,0.4496993991246156,-0.8400849416682972,0.06773902476890802
12728c14-2b5d-4951-a655-4d2f3a203c48,fe8d2569-5e1a-4aaf-83d2-296318238bd3,fe8d2569-5e1a-4aaf-83d2-296318238bd3,success,2026-07-02T11:05:46,20098.0,,0.4685314685314685,0.6258741258741258,0.5786713286713285,True,True,True,0.01904999033310885,0.28787753772387525,-2.350437595834828,-0.018887217084501015
d4492fff-3c92-4b33-ab28-5f45c9758d43,0a795020-64cd-45d4-8a77-a24b9cfbd968,0a795020-64cd-45d4-8a77-a24b9cfbd968,success,2026-07-07T11:26:21,80326.0,,0.2132867132867132,0.7342657342657343,0.577972027972028,True,True,True,-0.002600351485120815,-0.0734148472854595,-1.5661279545657674,-0.2183874238462355
6247cc22-f495-426f-952d-9ff8fb8a7a78,b9a72d61-a8ee-42a1-beb0-4d74f934dc6b,b9a72d61-a8ee-42a1-beb0-4d74f934dc6b,success,2026-07-03T11:06:16,75350.0,,0.5445804195804196,0.5909090909090909,0.5770104895104895,True,True,True,0.0036533923407129575,0.08740822111052747,2.0293721261507227,0.1228049772749941
188d0288-033c-46c2-a2c3-40575fae50b6,7356b0db-ee2c-4bac-beaa-cd8ae1623558,7356b0db-ee2c-4bac-beaa-cd8ae1623558,success,2026-07-03T19:26:25,20151.0,,0.2412587412587412,0.7202797202797203,0.5765734265734266,True,True,True,-0.010374593443283238,-0.14245636978781695,-0.6536811843105871,0.03799339472982554
d079b56e-4679-4895-b55c-5b961b91daef,9ff8ead8-0f37-11ed-93bb-da75731aa77c,9ff8ead8-0f37-11ed-93bb-da75731aa77c,success,2026-07-01T18:15:36,235718.0,,0.9667832167832168,0.4090909090909091,0.5763986013986013,True,True,True,0.04860728254709663,0.6895813046490596,3.3084266362696795,0.5743888529163411
09e1b5d9-9539-4c37-b931-3490cb6a3ef7,5ac177bd-8720-4c51-93ad-ab80f4609fa9,5ac177bd-8720-4c51-93ad-ab80f4609fa9,success,2026-07-05T21:04:10,25097.0,,0.4501748251748252,0.6293706293706294,0.5756118881118881,True,True,True,0.003699119165901594,0.053137125930739576,-0.8674153245391466,0.253312842250909
8709555c-d9a9-472f-ae7e-ddc66e6ec537,6a14a5e1-187c-47cf-b5bb-9107453f8aee,6a14a5e1-187c-47cf-b5bb-9107453f8aee,success,2026-07-02T00:59:06,30087.0,,0.6634615384615384,0.534965034965035,0.573513986013986,True,True,True,0.017029393304609154,0.17031454377980787,1.9727518351252267,0.13398920796779992
f9557137-c372-4ec5-a938-007cd3a713dc,838f1bd5-0732-49fa-ae20-0a81e93feccc,838f1bd5-0732-49fa-ae20-0a81e93feccc,success,2026-07-01T18:51:41,235589.0,,0.7202797202797203,0.5,0.5660839160839161,True,True,True,0.010843988341464935,0.29039824942891446,0.6110917932430608,0.5495879708815554
12fc3b99-8d31-47fb-9105-24df6b301d77,111632bf-c7a8-48b7-bd80-afc1a1d8cd03,111632bf-c7a8-48b7-bd80-afc1a1d8cd03,success,2026-07-05T09:07:56,30148.0,,0.8828671328671328,0.4265734265734265,0.5634615384615385,True,True,True,0.04797776254704744,0.566495618414711,1.7736637597522618,0.36178062362821384
5f12bb1d-42ca-4199-8844-3521fa40b9f8,256b16e3-cf3c-4520-8384-9507b27382f1,256b16e3-cf3c-4520-8384-9507b27382f1,success,2026-07-07T14:11:46,80143.0,,0.0664335664335664,0.7727272727272727,0.5608391608391609,True,True,True,-0.03583754049503499,-0.4118219497814056,-2.4557708782696035,-0.2819128014574416
747f809b-b0da-40c7-ad34-65a279a6e4ae,111632bf-c7a8-48b7-bd80-afc1a1d8cd03,111632bf-c7a8-48b7-bd80-afc1a1d8cd03,success,2026-07-05T04:29:30,20122.0,,0.8006993006993006,0.458041958041958,0.5608391608391607,True,True,True,0.04579328663496233,0.5514247503770882,0.4374279957938243,0.30825225817438623
13e67e69-e58e-447d-bce9-c8e58a4a43b2,d8f33cca-a781-4496-9266-13d7dedd7140,d8f33cca-a781-4496-9266-13d7dedd7140,success,2026-07-06T18:14:00,810868.0,,0.8347902097902098,0.43006993006993,0.5514860139860139,True,True,True,0.023301872269107314,0.43249461086775415,4.795115576090136,0.29430384645489
2f711bb0-10f4-4a31-8894-bd495abe63bb,bf189f7a-fb52-40e2-ae6e-1dfb120b6382,bf189f7a-fb52-40e2-ae6e-1dfb120b6382,success,2026-07-01T18:56:50,45294.0,,0.6896853146853147,0.486013986013986,0.5471153846153846,True,True,True,0.024786678547421403,0.31470249472063255,-0.21952263749545053,0.3016851305713503
da35c6ee-0a91-4cec-9cf5-471d31d83288,5d6e2418-77c2-43bd-9953-5884d4faefbd,5d6e2418-77c2-43bd-9953-5884d4faefbd,success,2026-07-07T13:56:03,71024.0,,0.0113636363636363,0.7762237762237763,0.5467657342657343,True,True,True,-0.025226639395587124,-0.592829455542611,-6.060079354890992,-0.9218736145021066
922d0f86-97da-45e5-a3cc-08d1102b6845,111632bf-c7a8-48b7-bd80-afc1a1d8cd03,111632bf-c7a8-48b7-bd80-afc1a1d8cd03,success,2026-07-05T12:33:01,30043.0,,0.9082167832167832,0.3916083916083916,0.5465909090909091,True,True,True,0.04757196843043836,0.7335737777148488,1.540519486066591,0.46451543605242757
49e7bf39-ddef-4bc9-a636-2757b5933c34,f1741e17-e9fb-496d-9648-465d0aab6f40,f1741e17-e9fb-496d-9648-465d0aab6f40,success,2026-07-05T23:32:36,40093.0,,0.1590909090909091,0.7097902097902098,0.5445804195804195,True,True,True,-0.015818183008587502,-0.27129490232431125,-1.6469932637051559,-0.01604944925035657
efd1512e-2c8c-436c-a0dc-5a381a6a3985,111632bf-c7a8-48b7-bd80-afc1a1d8cd03,111632bf-c7a8-48b7-bd80-afc1a1d8cd03,success,2026-07-05T08:29:52,25102.0,,0.8767482517482518,0.4020979020979021,0.544493006993007,True,True,True,0.04947471415777024,0.5929756657698863,1.3306379723316029,0.3688081154408354
d671f6c1-642d-41a6-9bc6-c5fe95b4027b,b546fea6-1afc-42c9-b4ef-7820aaad20c6,b546fea6-1afc-42c9-b4ef-7820aaad20c6,success,2026-07-07T02:21:09,15053.0,,0.2054195804195804,0.6888111888111889,0.5437937062937063,True,True,True,-0.006718934070090768,-0.16027106052133236,-0.10236765641229412,-0.33602800240974057
fb178c1a-825e-43d5-ae9f-81a0f1610038,ff212a21-eb98-45ed-84d2-f6819dde2b13,ff212a21-eb98-45ed-84d2-f6819dde2b13,success,2026-07-05T01:39:20,100136.0,,0.7333916083916083,0.4615384615384615,0.5430944055944056,True,True,True,0.015488301382002297,0.26442777935485295,1.3782856263059082,0.35906058307987904
8587f34f-b5b9-4038-a272-1e8819e6b2e1,e2c38911-b760-4324-bbce-60e68a9aea68,e2c38911-b760-4324-bbce-60e68a9aea68,success,2026-07-02T11:05:26,70155.0,,0.9283216783216784,0.3776223776223776,0.5428321678321678,True,True,True,0.033881686799254095,0.5514181434350843,3.862573172532777,0.5316015677316908
522b4b04-d3f6-4ab0-9ee2-46f769c3676b,ee52c8a1-6681-4fb1-88e5-080c11d1cac6,ee52c8a1-6681-4fb1-88e5-080c11d1cac6,success,2026-07-06T17:04:25,70593.0,,0.715909090909091,0.4685314685314685,0.5427447552447553,True,True,True,0.009482085471513798,0.16691470426997163,2.60791602299262,0.4083484632522003
3c964f1f-a1f9-4743-a2b7-7e6083c3c0dd,e2c38911-b760-4324-bbce-60e68a9aea68,e2c38911-b760-4324-bbce-60e68a9aea68,success,2026-07-02T11:05:26,70257.0,,0.2115384615384615,0.6818181818181818,0.5407342657342656,True,True,True,0.00111736887603284,0.02570947001154436,-2.0970483487799827,-0.45732207159400984
f51e3a19-09b8-4f44-b7c3-6f3eb2b1e597,99484def-b29b-40cc-9e83-3777003d5ba2,99484def-b29b-40cc-9e83-3777003d5ba2,success,2026-07-01T18:16:57,330775.0,,0.1590909090909091,0.7027972027972028,0.5396853146853147,True,True,True,-0.015818183008587502,-0.27129490232431125,-1.6469932637051559,-0.01604944925035657
b2958245-7f45-41d1-b629-b92929e0cc51,838f1bd5-0732-49fa-ae20-0a81e93feccc,838f1bd5-0732-49fa-ae20-0a81e93feccc,success,2026-07-03T21:39:23,50145.0,,0.506993006993007,0.5524475524475524,0.5388111888111887,True,True,True,0.004756459072695596,0.16418812775096253,-0.9121570968631694,0.26501379174037726
233e577f-3085-4fc8-8e76-e4e5442e97b1,ad1b1e03-16fa-4186-9261-dc579a8baeaa,ad1b1e03-16fa-4186-9261-dc579a8baeaa,success,2026-07-04T07:26:36,60160.0,,0.1590909090909091,0.6993006993006993,0.5372377622377622,True,True,True,-0.015818183008587502,-0.27129490232431125,-1.6469932637051559,-0.01604944925035657
b4d4281d-3f03-4fd4-b8c8-12a96cc0c1cf,46b48a49-a506-4013-b4ca-24a1bf168836,46b48a49-a506-4013-b4ca-24a1bf168836,success,2026-07-07T09:30:59,315611.0,,0.7237762237762237,0.4545454545454545,0.5353146853146853,True,True,True,0.020697464110156556,0.27870121718167024,1.818671248281333,0.21357384419073935
c4393725-ba34-4824-87e7-bfd2bcb639f7,e5f17ec9-2cbc-4af3-bcb2-6970d2797b71,e5f17ec9-2cbc-4af3-bcb2-6970d2797b71,success,2026-07-02T11:34:57,45964.0,,0.2770979020979021,0.6398601398601399,0.5310314685314685,True,True,True,-0.007530209450758799,-0.1156614250450575,1.3615199131169933,-0.33984695197706394
54ef7659-3c2d-4772-a23f-7ffaa5ecf79d,2b615c3c-1166-4c4a-a1c4-88151fc73a24,2b615c3c-1166-4c4a-a1c4-88151fc73a24,success,2026-07-02T11:05:31,75155.0,,0.1127622377622377,0.7062937062937062,0.5282342657342657,True,True,True,-0.007546847409779482,-0.13798722964286386,-3.2896844943417594,-0.17902077202188085
26ae2fa3-d56d-45e9-b980-6995c7e48a15,2b615c3c-1166-4c4a-a1c4-88151fc73a24,2b615c3c-1166-4c4a-a1c4-88151fc73a24,success,2026-07-02T14:01:00,56607.0,,0.0576923076923076,0.7272727272727273,0.5263986013986013,True,True,True,-0.011704455021846917,-0.22597923469059333,-2.902779913665783,-0.6817852269903372
ab35dfb7-35b7-4c7a-9d90-4eb41e5cb92b,3a78b142-0f38-11ed-93bb-da75731aa77c,3a78b142-0f38-11ed-93bb-da75731aa77c,success,2026-07-04T23:48:04,211702.0,,0.7998251748251749,0.4055944055944055,0.5238636363636363,True,True,True,0.032249893747816685,0.4050705369867135,1.1619535129031924,0.3437839451540896
e8442556-bed5-4d11-a1e9-151c54e1838b,6a14a5e1-187c-47cf-b5bb-9107453f8aee,6a14a5e1-187c-47cf-b5bb-9107453f8aee,success,2026-07-02T12:23:32,20070.0,,0.4667832167832168,0.5454545454545454,0.5218531468531469,True,True,True,0.007534362863082641,0.15712084764072798,0.8822151536130075,-0.2678560743953914
1e2e1c94-77cf-46b2-8cd8-7e0056d8760e,c489445a-4837-4e08-b02f-3db2ec567b54,c489445a-4837-4e08-b02f-3db2ec567b54,success,2026-07-04T23:10:23,430997.0,,0.7237762237762237,0.4335664335664335,0.5206293706293705,True,True,True,0.01926095819971894,0.29532943081278235,1.175147588798116,0.2706494345352996
ba958622-2bc0-473c-a016-e0c2c48d7798,205a014f-5f47-4d4d-9856-c910792a29a5,205a014f-5f47-4d4d-9856-c910792a29a5,success,2026-07-02T17:26:17,205260.0,,0.2989510489510489,0.6118881118881119,0.5180069930069929,True,True,True,-0.0018673520284516014,-0.03194259702733076,-0.21252984729074292,-0.24074393373781694
7542af34-ccd7-43c8-8891-4b6fa8da361b,b9a72d61-a8ee-42a1-beb0-4d74f934dc6b,b9a72d61-a8ee-42a1-beb0-4d74f934dc6b,success,2026-07-03T17:31:54,114137.0,,0.3304195804195803,0.5979020979020979,0.5176573426573425,True,True,True,0.001859378310394598,0.03727285781298157,-0.6632659201524155,-0.13445977038154533
982246d3-8002-460f-b105-edad4bc7923c,5dd35480-0f38-11ed-93bb-da75731aa77c,5dd35480-0f38-11ed-93bb-da75731aa77c,success,2026-07-01T19:09:37,55499.0,,0.1783216783216783,0.6608391608391608,0.516083916083916,True,True,True,-0.006967799842002992,-0.12226966055544768,-1.6853672214552435,-0.1149733139272819
fed187d2-e757-4550-ad9b-c89b50cff6e9,838f1bd5-0732-49fa-ae20-0a81e93feccc,838f1bd5-0732-49fa-ae20-0a81e93feccc,success,2026-07-01T18:49:10,216700.0,,0.7526223776223775,0.4125874125874126,0.514597902097902,True,True,True,0.019166481554034834,0.3354420200773121,0.4429202899853545,0.5961366823070032
f666cd7b-3a72-4d41-9826-04a93993a0eb,b546fea6-1afc-42c9-b4ef-7820aaad20c6,b546fea6-1afc-42c9-b4ef-7820aaad20c6,success,2026-07-07T00:56:52,20065.0,,0.5673076923076923,0.4895104895104895,0.5128496503496504,True,True,True,0.005840833708488903,0.13479875954998216,1.6634783721191064,0.0986288429098934
232fac03-4f4a-44b8-8d6a-f3e63720070e,c489445a-4837-4e08-b02f-3db2ec567b54,c489445a-4837-4e08-b02f-3db2ec567b54,success,2026-07-05T18:28:33,45085.0,,0.2928321678321678,0.6048951048951049,0.5112762237762237,True,True,True,0.0023581765290802753,0.051209128576672334,-1.1344926841318714,-0.21690638518323996
8a8232da-71c2-4bd5-af09-fd0bd6c5f7d4,e2c38911-b760-4324-bbce-60e68a9aea68,e2c38911-b760-4324-bbce-60e68a9aea68,success,2026-07-02T15:40:49,35149.0,,0.0664335664335664,0.6923076923076923,0.5045454545454545,True,True,True,-0.014216611863485617,-0.26750362846896003,-3.784796730571225,-0.3131656113517109
75a65df9-fabf-4b74-88fd-0faac44c49df,838f1bd5-0732-49fa-ae20-0a81e93feccc,838f1bd5-0732-49fa-ae20-0a81e93feccc,success,2026-07-03T14:08:00,40178.0,,0.791083916083916,0.3811188811188811,0.5041083916083915,True,True,True,0.021286820548409295,0.4119549280266246,0.8777904689021229,0.5392625742196694
e41f490a-e771-4f66-a04e-34c331c8479d,1ce9beea-21e4-43a7-8cfa-36d16bdb533d,1ce9beea-21e4-43a7-8cfa-36d16bdb533d,success,2026-07-07T12:34:00,20052.0,,0.1022727272727272,0.6748251748251748,0.5030594405594405,True,True,True,-0.03060186153770773,-0.45369089635663684,-0.898313392492671,-0.3985603896775976
3e92e357-340e-45c2-87d9-c72c22fe721d,6a14a5e1-187c-47cf-b5bb-9107453f8aee,6a14a5e1-187c-47cf-b5bb-9107453f8aee,success,2026-07-02T01:32:31,20060.0,,0.4667832167832168,0.5174825174825175,0.5022727272727272,True,True,True,0.007534362863082641,0.15712084764072798,0.8822151536130075,-0.2678560743953914
b5408a09-9b5b-4f14-aa6e-a7e843d45133,8de94cbe-ae28-401b-8cc2-fb13a89c9804,8de94cbe-ae28-401b-8cc2-fb13a89c9804,success,2026-07-01T21:04:50,140202.0,,0.8234265734265734,0.3636363636363636,0.5015734265734265,True,True,True,0.023232363199463625,0.4149120752569352,2.695597125371892,0.34364347555106395
74dd97d2-adb2-4135-b9be-c573fe70f98e,f1741e17-e9fb-496d-9648-465d0aab6f40,f1741e17-e9fb-496d-9648-465d0aab6f40,success,2026-07-05T23:26:04,20114.0,,0.1783216783216783,0.6363636363636364,0.4989510489510489,True,True,True,-0.006967799842002992,-0.12226966055544768,-1.6853672214552435,-0.1149733139272819
e238f932-8f3a-4b92-8260-3c03b13fc3f8,111632bf-c7a8-48b7-bd80-afc1a1d8cd03,111632bf-c7a8-48b7-bd80-afc1a1d8cd03,success,2026-07-07T10:57:22,225090.0,,0.9082167832167832,0.3111888111888112,0.4902972027972028,True,True,True,0.04757196843043836,0.7335737777148488,1.540519486066591,0.46451543605242757
e4cb7e3c-558e-4269-84e3-641feb1f2ac6,9ff8ead8-0f37-11ed-93bb-da75731aa77c,9ff8ead8-0f37-11ed-93bb-da75731aa77c,success,2026-07-03T12:18:38,95170.0,,0.923951048951049,0.3041958041958042,0.4901223776223776,True,True,True,0.04695356325129989,0.654139840833288,2.246208205455102,0.48401163599436464
69c1c02c-0fab-44c2-972e-15ad702530c2,2b615c3c-1166-4c4a-a1c4-88151fc73a24,2b615c3c-1166-4c4a-a1c4-88151fc73a24,success,2026-07-02T12:06:16,15044.0,,0.3933566433566433,0.5314685314685315,0.4900349650349649,True,True,True,-0.0023250447764965303,-0.07400605319111855,0.8515686555619251,0.11299724591484037
c4ee8267-d477-4f02-9bf2-249658d943b0,ee52c8a1-6681-4fb1-88e5-080c11d1cac6,ee52c8a1-6681-4fb1-88e5-080c11d1cac6,success,2026-07-06T22:16:16,90614.0,,0.5052447552447552,0.4825174825174825,0.4893356643356643,True,True,True,0.018794459871850057,0.28305494972891215,-1.406695744222102,0.002337921961898842
afca1919-4317-4776-8002-3e74a7292482,d38bfa6c-9a02-4ac4-9351-b1af783223e8,d38bfa6c-9a02-4ac4-9351-b1af783223e8,success,2026-07-03T16:22:50,60076.0,,0.7701048951048951,0.3671328671328671,0.4880244755244755,True,True,True,0.03575196175623616,0.43712670328808095,0.24678667041067062,0.3199213582206943
2eaaa119-778b-41e8-9fe7-87d4ef5aa3ab,b9a72d61-a8ee-42a1-beb0-4d74f934dc6b,b9a72d61-a8ee-42a1-beb0-4d74f934dc6b,success,2026-07-07T14:10:21,55151.0,,0.4256993006993007,0.513986013986014,0.4874999999999999,True,True,True,0.00509214313201671,0.10779873441216369,-2.667358487327658,0.25373903677375326
a6a37fca-f71f-4693-9869-93764782618b,ad1b1e03-16fa-4186-9261-dc579a8baeaa,ad1b1e03-16fa-4186-9261-dc579a8baeaa,success,2026-07-04T07:26:16,40161.0,,0.1783216783216783,0.6188811188811189,0.4867132867132867,True,True,True,-0.006967799842002992,-0.12226966055544768,-1.6853672214552435,-0.1149733139272819
50322a62-04f9-4c21-b288-c418258bd429,d8f33cca-a781-4496-9266-13d7dedd7140,d8f33cca-a781-4496-9266-13d7dedd7140,success,2026-07-07T09:33:09,445626.0,,0.8138111888111887,0.3461538461538461,0.4864510489510489,True,True,True,0.020380464216267668,0.40038355513039836,4.60353730203229,0.3003152756948596
49448f6a-729d-4021-aa54-b7d8e9a09ead,f063d437-4552-4c59-aac4-f563025be584,f063d437-4552-4c59-aac4-f563025be584,success,2026-07-06T23:06:13,90999.0,,0.1783216783216783,0.6153846153846154,0.4842657342657342,True,True,True,-0.006967799842002992,-0.12226966055544768,-1.6853672214552435,-0.1149733139272819
9b8e5a97-556d-4997-9c6c-5f931b106a7e,56d09546-719c-4e2d-9bf2-310e0cf789c1,56d09546-719c-4e2d-9bf2-310e0cf789c1,success,2026-07-06T11:16:44,25139.0,,0.8312937062937064,0.3321678321678322,0.4819055944055944,True,True,True,0.021857717236964933,0.3613481285294456,2.846257908450939,0.4590650153621144
0398b2a8-898f-442e-9ee5-1a38abe49e72,fe8d2569-5e1a-4aaf-83d2-296318238bd3,fe8d2569-5e1a-4aaf-83d2-296318238bd3,success,2026-07-01T23:43:36,20121.0,,0.4195804195804196,0.506993006993007,0.4807692307692307,True,True,True,0.003913104267799791,0.08653692195905122,-0.9539723322002793,0.12220731498474818
d0cca2db-8aed-48fb-ab94-6d0347de3417,5dd35480-0f38-11ed-93bb-da75731aa77c,5dd35480-0f38-11ed-93bb-da75731aa77c,success,2026-07-01T19:09:49,85511.0,,0.4501748251748252,0.493006993006993,0.4801573426573426,True,True,True,0.003699119165901594,0.053137125930739576,-0.8674153245391466,0.253312842250909
39a7711d-43d9-4d2e-bcfe-9fd9da76fec1,111632bf-c7a8-48b7-bd80-afc1a1d8cd03,111632bf-c7a8-48b7-bd80-afc1a1d8cd03,success,2026-07-05T10:18:52,15057.0,,0.8653846153846154,0.3006993006993007,0.470104895104895,True,True,True,0.036817073441976864,0.6412780925308422,0.48192717812752695,0.6399582580192251
93e19a59-0c1e-4918-ad91-32a2ee7c78da,8de94cbe-ae28-401b-8cc2-fb13a89c9804,8de94cbe-ae28-401b-8cc2-fb13a89c9804,success,2026-07-01T18:33:23,276011.0,,0.7508741258741259,0.3496503496503496,0.4700174825174825,True,True,True,0.029204695227063225,0.4394348097189732,1.8617567888072717,0.10288930977857424
832db8f3-e2c4-4e37-be0e-f28f476d3fdd,b9a72d61-a8ee-42a1-beb0-4d74f934dc6b,b9a72d61-a8ee-42a1-beb0-4d74f934dc6b,success,2026-07-03T15:36:02,45139.0,,0.8601398601398602,0.2972027972027972,0.4660839160839161,True,True,True,0.03432008501320226,0.3814484961821477,3.5874122814212126,0.36551857584126085
c083eedb-7878-4c66-bbf4-2a616d329111,ad1b1e03-16fa-4186-9261-dc579a8baeaa,ad1b1e03-16fa-4186-9261-dc579a8baeaa,success,2026-07-06T11:06:01,785949.0,,0.8994755244755246,0.2762237762237762,0.4631993006993007,True,True,True,0.026361418006957467,0.4908586594192007,4.238949666443688,0.5094619875408155
66dc2999-098a-4850-86ce-cb502ea501ba,675a83ab-9ffa-4859-80f3-701739b1cf6f,675a83ab-9ffa-4859-80f3-701739b1cf6f,success,2026-07-05T14:52:52,20092.0,,0.5218531468531469,0.4370629370629371,0.4625,True,True,True,0.002877714282610273,0.10447412445173877,0.9229099379128077,0.17386514107521547
c0037211-9388-4b3d-b0d4-32a566801ffc,ff212a21-eb98-45ed-84d2-f6819dde2b13,ff212a21-eb98-45ed-84d2-f6819dde2b13,success,2026-07-07T03:10:03,60125.0,,0.4353146853146853,0.465034965034965,0.4561188811188811,True,True,True,0.00102837330845571,0.019697078543193306,-0.06639367144514298,0.2129166529735559
e3e14d7a-80a2-45db-af76-49f45866c35a,7356b0db-ee2c-4bac-beaa-cd8ae1623558,7356b0db-ee2c-4bac-beaa-cd8ae1623558,success,2026-07-03T22:21:29,25050.0,,0.3916083916083916,0.479020979020979,0.4527972027972027,True,True,True,0.0072506473237764196,0.11184021465454219,-1.4664664580790139,0.006766062171662027
dd2c2a85-6e25-4894-9e1e-ae605ba766be,fe8d2569-5e1a-4aaf-83d2-296318238bd3,fe8d2569-5e1a-4aaf-83d2-296318238bd3,success,2026-07-01T19:43:05,35079.0,,0.2779720279720279,0.5209790209790209,0.448076923076923,True,True,True,0.002441229358625073,0.08102354713480157,-2.127914288605087,-0.18165436072180846
8b737a27-ac41-4ac5-923a-70ecceda1c37,b9a72d61-a8ee-42a1-beb0-4d74f934dc6b,b9a72d61-a8ee-42a1-beb0-4d74f934dc6b,success,2026-07-03T14:07:50,30078.0,,0.6608391608391608,0.3531468531468531,0.4454545454545454,True,True,True,0.010318733850062649,0.21513801114093056,-0.4882554328125328,0.7611044628124538
6db5e7b2-fcc8-4159-b52e-64c1251d6d73,3a78b142-0f38-11ed-93bb-da75731aa77c,3a78b142-0f38-11ed-93bb-da75731aa77c,success,2026-07-05T22:33:55,40119.0,,0.6145104895104896,0.3706293706293706,0.4437937062937063,True,True,True,0.010404859980265215,0.1947754802747126,-0.2483391657298115,0.35251512854737327
4b025a99-1291-47f4-90b7-02789109a958,c489445a-4837-4e08-b02f-3db2ec567b54,c489445a-4837-4e08-b02f-3db2ec567b54,success,2026-07-05T18:30:13,145374.0,,0.3155594405594406,0.4965034965034965,0.4422202797202796,True,True,True,-0.001969473868673843,-0.04564386067177306,-0.7417469591558966,0.018073692645949824
ee582e50-1df3-4638-b69b-20911b833765,e5f17ec9-2cbc-4af3-bcb2-6970d2797b71,e5f17ec9-2cbc-4af3-bcb2-6970d2797b71,success,2026-07-01T23:40:46,50172.0,,0.8846153846153846,0.2517482517482518,0.4416083916083916,True,True,True,0.03126955091495732,0.4560557382213017,3.4168195496667573,0.4558208562644798
1d690e34-bd16-42c1-ad98-f28dbbbfb2c5,3a78b142-0f38-11ed-93bb-da75731aa77c,3a78b142-0f38-11ed-93bb-da75731aa77c,success,2026-07-05T21:53:04,15190.0,,0.6145104895104896,0.3391608391608391,0.4217657342657342,True,True,True,0.010404859980265215,0.1947754802747126,-0.2483391657298115,0.35251512854737327
1b402eab-558f-4fdc-b05d-103bb8b65c0a,e5f17ec9-2cbc-4af3-bcb2-6970d2797b71,e5f17ec9-2cbc-4af3-bcb2-6970d2797b71,success,2026-07-02T16:37:13,85160.0,,0.2307692307692307,0.5034965034965035,0.4216783216783216,True,True,True,-0.008727567283230047,-0.09992634948741348,-1.1686269833119973,0.026127234337988935
f1bc8ca1-fe27-43d3-a7c9-ddc4d15b1322,56d09546-719c-4e2d-9bf2-310e0cf789c1,56d09546-719c-4e2d-9bf2-310e0cf789c1,success,2026-07-06T11:46:50,51828.0,,0.7316433566433566,0.2867132867132867,0.4201923076923076,True,True,True,0.01595264113392401,0.22643287332105067,1.061137085223961,0.4559148779636506
b197442c-de37-40d0-a026-b72070dec20c,6a14a5e1-187c-47cf-b5bb-9107453f8aee,6a14a5e1-187c-47cf-b5bb-9107453f8aee,success,2026-07-02T14:12:30,95617.0,,0.4667832167832168,0.3986013986013986,0.419055944055944,True,True,True,0.007534362863082641,0.15712084764072798,0.8822151536130075,-0.2678560743953914
0920700d-cdac-4a90-b478-42e807d45d90,7356b0db-ee2c-4bac-beaa-cd8ae1623558,7356b0db-ee2c-4bac-beaa-cd8ae1623558,success,2026-07-04T21:52:17,130145.0,,0.6241258741258742,0.3286713286713286,0.4173076923076922,True,True,True,0.010741972439161127,0.2986308079013494,0.8779759015466991,0.12856427893484068
cc0aa90a-3818-48b2-99a4-7c9d3e0ed938,9ff8ead8-0f37-11ed-93bb-da75731aa77c,9ff8ead8-0f37-11ed-93bb-da75731aa77c,success,2026-07-01T16:32:10,180394.0,,0.1538461538461538,0.527972027972028,0.4157342657342657,True,True,True,-0.005630763138334096,-0.07277078911890421,-2.2751418929228446,-0.29829247417406324
0253c0fc-6866-46f4-8a0e-474134c46197,7700b1f8-5672-4b2d-a6f7-7facbf17e1ac,7700b1f8-5672-4b2d-a6f7-7facbf17e1ac,success,2026-07-07T08:30:34,30180.0,,0.715034965034965,0.2797202797202797,0.4103146853146853,True,True,True,0.0231482539951529,0.3869367477624755,0.6185237463444149,0.2575885098795106
33bffab7-abc3-4f58-9152-a033d895bfe9,e4d0e995-ccba-40bd-b2b2-9c0cd9115cd2,e4d0e995-ccba-40bd-b2b2-9c0cd9115cd2,success,2026-07-04T11:41:34,125103.0,,0.6162587412587412,0.3181818181818182,0.407604895104895,True,True,True,0.03517096575146977,0.4768201733665905,-1.194849249626971,0.046620849358467976
2e1bab4e-114d-440c-bfa3-4cf4eb044e49,9acbeb71-bd97-4d3e-8877-a1fcb4c7d210,9acbeb71-bd97-4d3e-8877-a1fcb4c7d210,success,2026-07-04T11:43:29,240200.0,,0.7211538461538463,0.2727272727272727,0.4072552447552447,True,True,True,0.024355007443110418,0.47360288043231347,0.6369071568994165,0.21255396220525863
5481e994-17bb-42e7-9043-18a854fb4016,675a83ab-9ffa-4859-80f3-701739b1cf6f,675a83ab-9ffa-4859-80f3-701739b1cf6f,success,2026-07-03T01:08:52,345088.0,,0.4597902097902098,0.3846153846153846,0.4071678321678321,True,True,True,0.001707715406697947,0.03859511991251194,0.22874513007401637,0.23062463353360158
0b7d0261-f0d4-43f2-ac36-2f8b6d521f66,111632bf-c7a8-48b7-bd80-afc1a1d8cd03,111632bf-c7a8-48b7-bd80-afc1a1d8cd03,success,2026-07-05T08:29:52,25102.0,,0.451048951048951,0.3881118881118881,0.406993006993007,True,True,True,0.00929594212221772,0.2292730859395961,-1.7181746816198888,0.0795686205991022
7e0f2a42-5ef3-46d1-ab90-660de92c8f81,9ff8ead8-0f37-11ed-93bb-da75731aa77c,9ff8ead8-0f37-11ed-93bb-da75731aa77c,success,2026-07-03T11:59:15,115183.0,,0.3111888111888111,0.4475524475524475,0.4066433566433566,True,True,True,-0.0013008638271646757,-0.039297483047884635,0.3067895130148755,-0.29072916664389953
84638e25-5da3-4348-8abe-3b9783e39f8b,9cd34b99-62b4-4385-9171-20aaef483f8a,9cd34b99-62b4-4385-9171-20aaef483f8a,success,2026-07-06T14:07:54,365501.0,,0.6372377622377622,0.3076923076923077,0.4065559440559441,True,True,True,0.029434196474908275,0.4614678755023449,-0.4585083124815628,0.04841993487516379
d8a1886d-3ae9-4d59-84a1-c7ae22ebf213,df1cf856-fb0e-4348-b462-0d4e229bbb88,df1cf856-fb0e-4348-b462-0d4e229bbb88,success,2026-07-07T13:46:57,30131.0,,0.6678321678321678,0.2937062937062937,0.4059440559440559,True,True,True,0.010206957535967112,0.2578827851631412,-0.3458191373614957,0.6240187980628322
80b7b941-c625-4fc8-ba50-2286d6e424f3,e5f17ec9-2cbc-4af3-bcb2-6970d2797b71,e5f17ec9-2cbc-4af3-bcb2-6970d2797b71,success,2026-07-02T00:03:21,125241.0,,0.8548951048951049,0.2062937062937063,0.4008741258741258,True,True,True,0.027797493789325712,0.4056770203742106,3.0030909909913,0.4269829917162027
7b20282a-8d28-492b-bab9-77781a80afe1,53e58d24-eb97-4216-a04e-d2292d0988ae,53e58d24-eb97-4216-a04e-d2292d0988ae,success,2026-07-06T16:10:44,35147.0,,0.2674825174825174,0.444055944055944,0.391083916083916,True,True,True,-0.004178278953257749,-0.11032096251410871,-0.389975162019413,-0.11101778277054776
01b18f2a-b4cb-4d7b-9d17-0d2ecb09448b,9c8bfff3-e06f-4a53-85b9-065d3d9981d1,9c8bfff3-e06f-4a53-85b9-065d3d9981d1,success,2026-07-02T18:47:22,20104.0,,0.2692307692307692,0.4405594405594406,0.3891608391608391,True,True,True,-0.003958196709040706,-0.09410101326056892,-1.6432976743420629,0.11039265980852413
ef2b0398-7bf7-4ad3-8c4a-5a0469a90b12,ddcd891a-5bd3-4252-ac0c-d8a77d029e18,ddcd891a-5bd3-4252-ac0c-d8a77d029e18,success,2026-07-01T19:10:11,110105.0,,0.791083916083916,0.2167832167832167,0.3890734265734265,True,True,True,0.019386611586287673,0.37796966330490034,1.1787166095203636,0.5269308051593129
ae0909bf-0cba-4c3e-bf87-c93af4300259,e2c38911-b760-4324-bbce-60e68a9aea68,e2c38911-b760-4324-bbce-60e68a9aea68,success,2026-07-01T16:37:56,240315.0,,0.3024475524475524,0.4230769230769231,0.3868881118881119,True,True,True,-0.013402513235344773,-0.10883042710947623,-0.6285143636950073,0.16860608424572082
c2f8d7cc-c114-40e6-ae65-38f38046c7cf,9acbeb71-bd97-4d3e-8877-a1fcb4c7d210,9acbeb71-bd97-4d3e-8877-a1fcb4c7d210,success,2026-07-04T11:43:34,245200.0,,0.7211538461538463,0.2412587412587412,0.3852272727272727,True,True,True,0.024355007443110418,0.47360288043231347,0.6369071568994165,0.21255396220525863
21a637df-5ddc-41ae-b170-f31cccab9fb2,5d6e2418-77c2-43bd-9953-5884d4faefbd,5d6e2418-77c2-43bd-9953-5884d4faefbd,success,2026-07-02T11:55:20,15074.0,,0.0323426573426573,0.5244755244755245,0.3768356643356643,True,True,True,-0.01625177196208761,-0.32222536311409644,-3.828509587128765,-0.5301860529872039
f84151b2-5c7a-4256-a1f5-bbd35bb1ee95,e2c38911-b760-4324-bbce-60e68a9aea68,e2c38911-b760-4324-bbce-60e68a9aea68,success,2026-07-01T18:09:41,185495.0,,0.1966783216783217,0.451048951048951,0.3747377622377622,True,True,True,-0.009424308311967267,-0.17831449187209952,-0.0710461858494313,-0.30356812777644504
bd4b6cde-7cb7-46ca-973b-306192be2eb4,675a83ab-9ffa-4859-80f3-701739b1cf6f,675a83ab-9ffa-4859-80f3-701739b1cf6f,success,2026-07-03T16:26:55,305166.0,,0.3758741258741258,0.3741258741258741,0.3746503496503496,True,True,True,-0.00242521896519855,-0.08456655611708211,-0.42926488861095335,0.24049407128773234
bfe68e84-4c71-446e-8f4e-8d1c988453ae,46b48a49-a506-4013-b4ca-24a1bf168836,46b48a49-a506-4013-b4ca-24a1bf168836,success,2026-07-05T22:22:48,60083.0,,0.2648601398601398,0.4160839160839161,0.3707167832167831,True,True,True,-0.014148967243918103,-0.15479650421402358,0.9699851783633575,-0.15775849766654154
6a2f7f80-e4d2-4ae7-ae03-240823c29380,e2c38911-b760-4324-bbce-60e68a9aea68,e2c38911-b760-4324-bbce-60e68a9aea68,success,2026-07-01T16:38:05,245481.0,,0.6210664335664335,0.2482517482517482,0.3600961538461538,True,True,True,0.016624510279784246,0.3549579059399489,0.5483434646321182,0.08100227444994107
a617de67-81d3-49dc-a3a5-e38dd0ea03fc,726b655b-2c46-4f93-b1ad-179241bd75bd,726b655b-2c46-4f93-b1ad-179241bd75bd,success,2026-07-07T11:28:46,205365.0,,0.6844405594405594,0.2132867132867132,0.3546328671328671,True,True,True,0.011045787981176487,0.2045113468219628,1.5147292405159654,0.2721156454509414
f90760f0-ef21-4bca-96cf-926b35c46b78,ee52c8a1-6681-4fb1-88e5-080c11d1cac6,ee52c8a1-6681-4fb1-88e5-080c11d1cac6,success,2026-07-06T17:04:50,110297.0,,0.6184440559440559,0.2377622377622377,0.3519667832167832,True,True,True,0.01662380631051019,0.35493949484525383,0.5483434646321182,0.08098533653544096
49174aca-98d6-45b4-aa04-9b9a062c3302,9ff8ead8-0f37-11ed-93bb-da75731aa77c,9ff8ead8-0f37-11ed-93bb-da75731aa77c,success,2026-07-01T17:50:43,110372.0,,0.5402097902097902,0.2657342657342657,0.348076923076923,True,True,True,0.0010265402441030815,0.02950282756275878,2.6679458227836093,0.21307650920362406
e7b36e38-294f-4e63-837f-f49ca6784788,e2c38911-b760-4324-bbce-60e68a9aea68,e2c38911-b760-4324-bbce-60e68a9aea68,success,2026-07-02T15:52:27,40153.0,,0.4798951048951049,0.2902097902097902,0.3471153846153846,True,True,True,0.0024790047523035224,0.07738904144920741,-0.5076167924849315,0.28561402775262523
3d9abe6b-48a1-4ea0-818b-1f5874e84a17,5d6e2418-77c2-43bd-9953-5884d4faefbd,5d6e2418-77c2-43bd-9953-5884d4faefbd,success,2026-07-07T14:12:16,85404.0,,0.0524475524475524,0.472027972027972,0.3461538461538461,True,True,True,-0.014285444462526465,-0.2642431684542654,-3.6817256027567895,-0.47121002477329876
661b81af-5205-493c-9ff8-f3dccd41e8c4,9ff8ead8-0f37-11ed-93bb-da75731aa77c,9ff8ead8-0f37-11ed-93bb-da75731aa77c,success,2026-07-02T21:09:52,150896.0,,0.6048951048951049,0.2237762237762237,0.3381118881118881,True,True,True,0.011960251549756452,0.1743538833561368,0.36986225509997894,0.24307437776114021
bcb089c3-8be6-47aa-b110-ac77774393c8,46b48a49-a506-4013-b4ca-24a1bf168836,46b48a49-a506-4013-b4ca-24a1bf168836,success,2026-07-01T18:44:40,240587.0,,0.6905594405594406,0.1818181818181818,0.3344405594405594,True,True,True,0.0040996249304367975,0.09063058740336329,2.40867337249367,0.6395682173433992
bc269162-ce3a-4f47-a097-96662bb71ca5,b546fea6-1afc-42c9-b4ef-7820aaad20c6,b546fea6-1afc-42c9-b4ef-7820aaad20c6,success,2026-07-06T23:29:03,20121.0,,0.2718531468531469,0.3601398601398601,0.3336538461538462,True,True,True,-0.006663746316924376,-0.11970118948072327,-0.9387058659504933,0.12735394148155463
5127a33f-433a-4497-a646-3436f1170dbe,49209a89-d865-4d83-9764-8634fc235fcd,49209a89-d865-4d83-9764-8634fc235fcd,success,2026-07-04T15:29:39,90091.0,,0.7465034965034965,0.1503496503496503,0.3291958041958041,True,True,True,0.024356237257173785,0.4388815529034398,1.004908858368735,0.22433165005747255
86692da1-644c-4a2a-833d-af7abb352f67,7700b1f8-5672-4b2d-a6f7-7facbf17e1ac,7700b1f8-5672-4b2d-a6f7-7facbf17e1ac,success,2026-07-07T08:33:45,70388.0,,0.5463286713286714,0.2342657342657342,0.3278846153846154,True,True,True,0.004349470033786252,0.11836485775234931,-0.6667729508000007,0.43140504581750505
7211fcef-ae73-47cd-9605-623c76e8fe74,8cc739a3-909e-4cae-ba43-639fb2b7ae70,8cc739a3-909e-4cae-ba43-639fb2b7ae70,success,2026-07-03T15:23:08,740197.0,,0.3234265734265734,0.3251748251748251,0.3246503496503496,True,True,True,0.0004742781173713207,0.01010258725154067,-0.35342438060163267,-0.14006048447087702
1055def4-b04e-4898-bf0f-38038e307546,56d09546-719c-4e2d-9bf2-310e0cf789c1,56d09546-719c-4e2d-9bf2-310e0cf789c1,success,2026-07-06T10:54:02,26191.0,,0.0865384615384615,0.4195804195804196,0.3196678321678321,True,True,True,-0.01595264113392401,-0.22643287332105067,-1.717402658582011,-0.4559148779636506
358ea049-8a37-482f-bc63-10ec94f57dad,838f1bd5-0732-49fa-ae20-0a81e93feccc,838f1bd5-0732-49fa-ae20-0a81e93feccc,success,2026-07-01T19:04:55,45097.0,,0.7937062937062938,0.1153846153846153,0.3188811188811188,True,True,True,0.01928267652753244,0.3332678216231947,1.9005732731550984,0.4455635395311835
8cea746a-0154-47c3-a286-236d9582f5b7,9ff8ead8-0f37-11ed-93bb-da75731aa77c,9ff8ead8-0f37-11ed-93bb-da75731aa77c,success,2026-07-01T16:34:00,291304.0,,0.4536713286713286,0.2587412587412587,0.3172202797202796,True,True,True,-0.001223220551319905,-0.03424018934152566,0.8740598834379046,0.21233773574170617
05487ff1-75b5-45e5-8132-2951973bbb0a,49209a89-d865-4d83-9764-8634fc235fcd,49209a89-d865-4d83-9764-8634fc235fcd,success,2026-07-03T21:07:56,40087.0,,0.3916083916083916,0.2832167832167832,0.3157342657342657,True,True,True,-0.0017039732884868482,-0.040048800097930076,1.1016071648946932,-0.03579800932780848
a206c6f5-2f77-48e3-af0c-c70e2cfd7514,e5f17ec9-2cbc-4af3-bcb2-6970d2797b71,e5f17ec9-2cbc-4af3-bcb2-6970d2797b71,success,2026-07-02T17:26:17,205159.0,,0.4222027972027972,0.2692307692307692,0.3151223776223776,True,True,True,0.004822347433656044,0.07370884203898062,-0.889551955998475,0.11433412799381179
d2f98003-aa4f-46c3-9528-dc961ac2cc72,78ba1692-b80a-4128-90df-5d774f922aa9,78ba1692-b80a-4128-90df-5d774f922aa9,success,2026-07-07T10:16:46,300206.0,,0.8304195804195804,0.0839160839160839,0.3078671328671328,True,True,True,0.047541415360998984,0.6586868707240924,1.3497275067798067,0.24405593435780323
5191d081-0976-4a57-859e-2b3ea8741aab,5d6e2418-77c2-43bd-9953-5884d4faefbd,5d6e2418-77c2-43bd-9953-5884d4faefbd,success,2026-07-07T14:03:37,525513.0,,0.2167832167832167,0.3426573426573426,0.3048951048951048,True,True,True,0.0027761773376606845,0.049492430292679336,-2.7771385314577355,-0.36393955544492146
6d032b61-fbed-4b32-a4b9-3c4ca23e41e8,df1cf856-fb0e-4348-b462-0d4e229bbb88,df1cf856-fb0e-4348-b462-0d4e229bbb88,success,2026-07-07T14:11:06,40117.0,,0.68006993006993,0.1433566433566433,0.3043706293706293,True,True,True,0.010226112076730121,0.2568001000737924,-0.1365381658855129,0.6417568230784971
4dedce0e-8296-4406-ac35-31da01176568,df1cf856-fb0e-4348-b462-0d4e229bbb88,df1cf856-fb0e-4348-b462-0d4e229bbb88,success,2026-07-07T13:39:37,35070.0,,0.7770979020979022,0.0979020979020979,0.3016608391608392,True,True,True,0.013933532754755323,0.2613299140693964,2.2616834486255386,0.47559545920740337
0577d97e-75ea-44be-90ca-51504e9d0d67,b9a72d61-a8ee-42a1-beb0-4d74f934dc6b,b9a72d61-a8ee-42a1-beb0-4d74f934dc6b,success,2026-07-07T14:10:21,55150.0,,0.6302447552447552,0.1608391608391608,0.3016608391608391,True,True,True,0.011025207824493857,0.1985408930571655,0.11285182390368648,0.31736249547780154
f7b6f630-511b-4d7c-af93-bfca169489aa,46b48a49-a506-4013-b4ca-24a1bf168836,46b48a49-a506-4013-b4ca-24a1bf168836,success,2026-07-01T18:56:53,165702.0,,0.7421328671328671,0.1118881118881118,0.3009615384615384,True,True,True,0.021800214257076782,0.3052930188645106,2.1184583556712835,0.21556809861223009
b9a52001-3b2b-43c9-840a-6c9ebf35459c,675a83ab-9ffa-4859-80f3-701739b1cf6f,675a83ab-9ffa-4859-80f3-701739b1cf6f,success,2026-07-01T19:10:07,951300.0,,0.5358391608391608,0.1993006993006993,0.3002622377622377,True,True,True,0.0032671819426082125,0.0843068874354174,0.0901996195923334,0.3734079623926307
b2ae99af-eafe-4a41-9f39-4f03a6bd2c64,6a14a5e1-187c-47cf-b5bb-9107453f8aee,6a14a5e1-187c-47cf-b5bb-9107453f8aee,success,2026-07-02T01:06:56,20070.0,,0.5594405594405594,0.1853146853146853,0.2975524475524475,True,True,True,0.031202301401375504,0.40161306914589395,-2.177117873586648,0.08834473715669129
7a844051-0c83-47e1-966b-1411b35e114c,e5f17ec9-2cbc-4af3-bcb2-6970d2797b71,e5f17ec9-2cbc-4af3-bcb2-6970d2797b71,success,2026-07-02T14:02:15,131697.0,,0.2316433566433566,0.3216783216783216,0.2946678321678321,True,True,True,-0.00892296548842093,-0.12414073490858644,-1.7929542120434834,0.14687983292189402
32d33cd5-2c65-4cd5-a58b-819400b24def,111632bf-c7a8-48b7-bd80-afc1a1d8cd03,111632bf-c7a8-48b7-bd80-afc1a1d8cd03,success,2026-07-05T08:49:09,20060.0,,0.8837412587412588,0.0384615384615384,0.2920454545454545,True,True,True,0.04827965525562566,0.5763677505152579,1.5164032031515586,0.37545979038904026
f4e279ff-cd73-4d86-aa10-a0b026ccd921,e5f17ec9-2cbc-4af3-bcb2-6970d2797b71,e5f17ec9-2cbc-4af3-bcb2-6970d2797b71,success,2026-07-02T10:43:15,80271.0,,0.3627622377622377,0.2552447552447552,0.2875,True,True,True,-0.006434000449802383,-0.07881964644892733,1.2988053668048387,0.02564634291553523
e3b57178-b68e-4732-858e-fb9f04a70f02,7700b1f8-5672-4b2d-a6f7-7facbf17e1ac,7700b1f8-5672-4b2d-a6f7-7facbf17e1ac,success,2026-07-07T07:50:10,150800.0,,0.0279720279720279,0.3951048951048951,0.2849650349650349,True,True,True,-0.022180240315944413,-0.49579459972499146,-4.11121329092566,-0.42629898779684183
af8a7d60-4164-4708-b31d-aae047ec3b16,111632bf-c7a8-48b7-bd80-afc1a1d8cd03,111632bf-c7a8-48b7-bd80-afc1a1d8cd03,success,2026-07-05T08:29:52,25102.0,,0.1162587412587412,0.3566433566433566,0.284527972027972,True,True,True,-0.02596643520286801,-0.4997810932484017,-1.319188375366467,-0.1889947911958404
0ac29342-e839-4571-b6c2-8bf9457b9add,e4d0e995-ccba-40bd-b2b2-9c0cd9115cd2,e4d0e995-ccba-40bd-b2b2-9c0cd9115cd2,success,2026-07-04T18:07:38,20093.0,,0.5297202797202798,0.1783216783216783,0.2837412587412588,True,True,True,0.008536799338255347,0.15734968979871033,-0.8880241313763937,0.2866747405275838
27267a5a-5357-4f57-8da0-520035ad56ea,8de94cbe-ae28-401b-8cc2-fb13a89c9804,8de94cbe-ae28-401b-8cc2-fb13a89c9804,success,2026-07-01T18:09:09,245582.0,,0.6923076923076923,0.1083916083916083,0.2835664335664335,True,True,True,0.014844263827533972,0.26374664206834225,0.6663049430403644,0.3436675015896449
171cf3f6-28bd-4336-8a9a-1e2a1a2d5a7f,6a14a5e1-187c-47cf-b5bb-9107453f8aee,6a14a5e1-187c-47cf-b5bb-9107453f8aee,success,2026-07-02T11:45:21,20129.0,,0.4667832167832168,0.2027972027972027,0.281993006993007,True,True,True,0.007534362863082641,0.15712084764072798,0.8822151536130075,-0.2678560743953914
89020862-2f59-451e-9c43-26e9d500a1a1,bbc3af22-7eea-4180-868c-59e9001c5814,bbc3af22-7eea-4180-868c-59e9001c5814,success,2026-07-06T22:52:34,926601.0,,0.1328671328671328,0.3356643356643357,0.2748251748251748,True,True,True,-0.004997615560187305,-0.09482571159924952,-2.995533590049619,-0.29577677190857743
00464d75-9e7d-4554-8eb2-91c257777af4,df1cf856-fb0e-4348-b462-0d4e229bbb88,df1cf856-fb0e-4348-b462-0d4e229bbb88,success,2026-07-07T13:55:32,40218.0,,0.7779720279720279,0.0559440559440559,0.2725524475524475,True,True,True,0.014137550876471982,0.26812631531533815,1.8739447674307732,0.49952791905284283
76c226b7-4deb-4c06-ab50-9d23a7fe6def,111632bf-c7a8-48b7-bd80-afc1a1d8cd03,111632bf-c7a8-48b7-bd80-afc1a1d8cd03,success,2026-07-05T09:07:56,30147.0,,0.8854895104895105,0.0,0.2656468531468531,True,True,True,0.04808645158033208,0.578509981560526,1.5567498743654684,0.374296815614843
78560fa4-ea76-4567-aaa4-39bfd691350d,111632bf-c7a8-48b7-bd80-afc1a1d8cd03,111632bf-c7a8-48b7-bd80-afc1a1d8cd03,success,2026-07-05T09:07:56,30244.0,,0.8846153846153846,0.0,0.2653846153846154,True,True,True,0.04917224577076802,0.586303701284775,1.4119002789622053,0.38560772822154027
e9f40d17-134d-4efa-aa50-504561d869f3,0a795020-64cd-45d4-8a77-a24b9cfbd968,0a795020-64cd-45d4-8a77-a24b9cfbd968,success,2026-07-06T21:50:42,170879.0,,0.3583916083916084,0.2202797202797203,0.2617132867132867,True,True,True,-0.0005928182991349858,-0.008881885677190877,0.1497264161600026,-0.030754558838909683
bef41ade-3fc4-4f01-b510-045fb7cd9535,e2c38911-b760-4324-bbce-60e68a9aea68,e2c38911-b760-4324-bbce-60e68a9aea68,success,2026-07-03T10:10:43,25068.0,,0.2989510489510489,0.2447552447552447,0.261013986013986,True,True,True,-0.003277414751316355,-0.04724922388075565,-0.7410835730121783,-0.013772177932308234
361709dc-5fa3-4582-8a44-ebd7b6d1b237,e2c38911-b760-4324-bbce-60e68a9aea68,e2c38911-b760-4324-bbce-60e68a9aea68,success,2026-07-02T10:43:20,85272.0,,0.7272727272727273,0.0594405594405594,0.2597902097902098,True,True,True,0.03551529815151996,0.4894962835198021,0.43190261949027564,0.14126285498990074
9a267f8a-3f23-44fe-99f6-4c28ba1cedd5,e5f17ec9-2cbc-4af3-bcb2-6970d2797b71,e5f17ec9-2cbc-4af3-bcb2-6970d2797b71,success,2026-07-03T10:56:14,70219.0,,0.3828671328671328,0.1958041958041958,0.2519230769230769,True,True,True,-0.0026104558944629376,-0.05286243116742078,0.056971194223173864,0.15015679941244936
40e12e6b-4cdb-4519-9642-9e43f13e4240,b9a72d61-a8ee-42a1-beb0-4d74f934dc6b,b9a72d61-a8ee-42a1-beb0-4d74f934dc6b,success,2026-07-07T14:10:21,55151.0,,0.6722027972027972,0.0699300699300699,0.2506118881118881,True,True,True,0.012996092158523504,0.21534093088878542,0.6394648822951337,0.33155331704018215
6f0870da-b238-4231-bb2f-b42a272a8837,d8f33cca-a781-4496-9266-13d7dedd7140,d8f33cca-a781-4496-9266-13d7dedd7140,success,2026-07-07T00:51:37,45362.0,,0.5113636363636364,0.1363636363636363,0.2488636363636363,True,True,True,0.0140454295089362,0.12233939694803522,0.6903421746789097,-0.1298582641703633
afc75c8f-03ad-455b-b7d1-0d0630e46447,9ff8ead8-0f37-11ed-93bb-da75731aa77c,9ff8ead8-0f37-11ed-93bb-da75731aa77c,success,2026-07-04T19:24:46,50164.0,,0.4554195804195804,0.1538461538461538,0.2443181818181818,True,True,True,-0.00037180060324545775,-0.006401116548849678,0.8798886855656318,0.16384001069634416
410c2c7f-2df4-4e1d-bdc2-176efa431661,9ff8ead8-0f37-11ed-93bb-da75731aa77c,9ff8ead8-0f37-11ed-93bb-da75731aa77c,success,2026-07-01T18:54:16,145395.0,,0.3924825174825174,0.1748251748251748,0.2401223776223776,True,True,True,0.0021428353954816405,0.034398842119828146,-0.7326181975564651,0.1263754231736431
b2579724-afab-4c0e-ad61-e172b7c36286,49209a89-d865-4d83-9764-8634fc235fcd,49209a89-d865-4d83-9764-8634fc235fcd,success,2026-07-04T15:28:59,50167.0,,0.0638111888111888,0.3146853146853147,0.2394230769230769,True,True,True,-0.006507419674171998,-0.16366480979046785,-6.189861454736688,-0.599055692983375
41d5aa9c-f134-4aac-bf28-10c5286485d1,111632bf-c7a8-48b7-bd80-afc1a1d8cd03,111632bf-c7a8-48b7-bd80-afc1a1d8cd03,success,2026-07-05T09:55:21,25106.0,,0.7954545454545454,0.0,0.2386363636363636,True,True,True,0.031766017238013436,0.5259804563536916,0.6851814677336706,0.3266912525438904
5e9860ce-2b85-48d1-a4f5-98e089c84d97,5ac177bd-8720-4c51-93ad-ab80f4609fa9,5ac177bd-8720-4c51-93ad-ab80f4609fa9,success,2026-07-06T10:05:20,45060.0,,0.3942307692307692,0.1573426573426573,0.2284090909090909,True,True,True,0.0037641753771011656,0.06559020587912061,0.36358073253031464,-0.22252995956050317
7bf315ba-c777-40fb-8172-0c383cbbf4c5,8de94cbe-ae28-401b-8cc2-fb13a89c9804,8de94cbe-ae28-401b-8cc2-fb13a89c9804,success,2026-07-01T18:47:46,185803.0,,0.2657342657342657,0.2097902097902098,0.2265734265734265,True,True,True,-0.002162204953748188,-0.028374853056377065,-0.9151005335449064,-0.15543960619383718
186d86ba-e273-4001-8cad-905f388ad232,6a14a5e1-187c-47cf-b5bb-9107453f8aee,6a14a5e1-187c-47cf-b5bb-9107453f8aee,success,2026-07-02T15:16:32,46106.0,,0.5201048951048951,0.0944055944055944,0.2221153846153846,True,True,True,0.011191865347452394,0.2365730285424124,1.11669384726825,-0.369265861770327
369b6019-7f89-4262-b5d3-506d98f11de9,b9a72d61-a8ee-42a1-beb0-4d74f934dc6b,b9a72d61-a8ee-42a1-beb0-4d74f934dc6b,success,2026-07-07T14:10:21,55218.0,,0.625,0.0419580419580419,0.2168706293706293,True,True,True,0.011174787924898608,0.19502319578302185,0.05379969495601657,0.3069531114512716
5e616967-1518-43d5-9167-13728247689e,e5f17ec9-2cbc-4af3-bcb2-6970d2797b71,e5f17ec9-2cbc-4af3-bcb2-6970d2797b71,success,2026-07-02T14:12:45,110797.0,,0.3304195804195804,0.1643356643356643,0.2141608391608391,True,True,True,-0.003581632480563168,-0.06280772598323364,-0.29694719878494064,0.07603196217513049
0c25d107-fc82-4c38-803a-f76b4bab9881,ad1b1e03-16fa-4186-9261-dc579a8baeaa,ad1b1e03-16fa-4186-9261-dc579a8baeaa,success,2026-07-07T07:35:13,175149.0,,0.1783216783216783,0.2272727272727272,0.2125874125874126,True,True,True,-0.0048622277365925875,-0.09003811547812349,-2.0912054863416647,-0.18787647217957062
89592d8e-8935-4a2f-9d52-88907942082a,fe8d2569-5e1a-4aaf-83d2-296318238bd3,fe8d2569-5e1a-4aaf-83d2-296318238bd3,success,2026-07-01T19:34:46,25089.0,,0.1643356643356643,0.2307692307692307,0.2108391608391608,True,True,True,-0.004377264279946339,-0.1455177320711863,-1.1858994569833947,-0.35221977079297284
ab559676-39cf-4c54-9356-4a74cfac2857,152372ef-6902-40ab-bf8f-ac5d830c391e,152372ef-6902-40ab-bf8f-ac5d830c391e,success,2026-07-01T18:35:07,605703.0,,0.4152097902097902,0.1188811188811188,0.2077797202797202,True,True,True,0.008677688110975645,0.1467086679935675,-2.235378061116376,0.11710953491258315
24852aea-9d88-4250-a3ba-5dce7157c4c3,201d2b22-28d1-43fa-8d46-eef8a980ad56,201d2b22-28d1-43fa-8d46-eef8a980ad56,success,2026-07-07T13:39:52,50079.0,,0.062062937062937,0.2622377622377622,0.2021853146853146,True,True,True,-0.04065126964869842,-0.48526640661808224,-2.176150545396428,-0.3533295271587763
1f453a2f-92c2-4a32-91a3-fbf685033cfe,9ff8ead8-0f37-11ed-93bb-da75731aa77c,9ff8ead8-0f37-11ed-93bb-da75731aa77c,success,2026-07-01T18:45:33,215891.0,,0.4291958041958041,0.1013986013986013,0.1997377622377621,True,True,True,-0.0037999345219856874,-0.10644482315551805,0.5565494563997504,0.30093311698215647
6614a668-9a68-447a-9871-5c675c3fedca,b9a72d61-a8ee-42a1-beb0-4d74f934dc6b,b9a72d61-a8ee-42a1-beb0-4d74f934dc6b,success,2026-07-07T14:10:21,55151.0,,0.6494755244755245,0.0,0.1948426573426573,True,True,True,0.011565566105785584,0.19632691836783805,0.48329818133902164,0.30943593272631076
133d2b79-b1e1-4331-9643-f858b9ccbc09,9ff8ead8-0f37-11ed-93bb-da75731aa77c,9ff8ead8-0f37-11ed-93bb-da75731aa77c,success,2026-07-01T18:51:51,160398.0,,0.3356643356643356,0.1328671328671328,0.1937062937062936,True,True,True,-0.0015177932853121454,-0.025875315798223615,-0.8824860901006161,0.08610612873420505
e9b32177-4889-44cd-a947-6b462736a534,152372ef-6902-40ab-bf8f-ac5d830c391e,152372ef-6902-40ab-bf8f-ac5d830c391e,success,2026-07-01T18:09:05,240458.0,,0.1993006993006993,0.1888111888111888,0.1919580419580419,True,True,True,-0.0028567060272158026,-0.049532116720957343,-2.6270358103195552,-0.13595093363157762
492ddc33-6362-483f-94ef-39eb50ae0898,152372ef-6902-40ab-bf8f-ac5d830c391e,152372ef-6902-40ab-bf8f-ac5d830c391e,success,2026-07-01T18:34:23,620986.0,,0.4597902097902098,0.0664335664335664,0.1844405594405594,True,True,True,0.010789308940197926,0.17830044417310412,-2.24389682592755,0.13803104438604877
2ab43094-6c2c-4652-8487-e928c9e0cb7d,b9a72d61-a8ee-42a1-beb0-4d74f934dc6b,b9a72d61-a8ee-42a1-beb0-4d74f934dc6b,success,2026-07-07T14:10:51,30069.0,,0.562062937062937,0.0209790209790209,0.1833041958041957,True,True,True,0.009749638284146546,0.19525166096545882,-1.4969149051065844,0.3937811851899233
04c97005-48f1-4076-95a1-5e63ddd4bf93,152372ef-6902-40ab-bf8f-ac5d830c391e,152372ef-6902-40ab-bf8f-ac5d830c391e,success,2026-07-01T18:11:40,155511.0,,0.1993006993006993,0.1713286713286713,0.1797202797202797,True,True,True,-0.0028567060272158026,-0.049532116720957343,-2.6270358103195552,-0.13595093363157762
b2c83e94-0fec-4f6c-ad4a-d8eb1108b404,b9a72d61-a8ee-42a1-beb0-4d74f934dc6b,b9a72d61-a8ee-42a1-beb0-4d74f934dc6b,success,2026-07-03T14:07:45,25078.0,,0.145979020979021,0.1923076923076923,0.1784090909090909,True,True,True,-0.0051587337918025,-0.1152588495999228,-1.7089596964061051,-0.3795059871754022
7e8dbe88-5a45-4e8f-a7ff-9a91354f2a5b,5bb8bcf4-da26-4202-aa77-08af633a3a33,5bb8bcf4-da26-4202-aa77-08af633a3a33,success,2026-07-07T00:51:53,60586.0,,0.2910839160839161,0.1293706293706293,0.1778846153846153,True,True,True,0.0014180410528456624,0.020614378743411578,-0.957524591077088,-0.14120036833250516
2ca5f79a-84aa-4093-87c3-d36d9dcd4e17,152372ef-6902-40ab-bf8f-ac5d830c391e,152372ef-6902-40ab-bf8f-ac5d830c391e,success,2026-07-01T18:12:49,320451.0,,0.1993006993006993,0.1678321678321678,0.1772727272727272,True,True,True,-0.0028567060272158026,-0.049532116720957343,-2.6270358103195552,-0.13595093363157762
120b6b56-e9e7-421d-9f10-2fba3b08d152,152372ef-6902-40ab-bf8f-ac5d830c391e,152372ef-6902-40ab-bf8f-ac5d830c391e,success,2026-07-01T18:28:45,175510.0,,0.4615384615384615,0.0524475524475524,0.1751748251748251,True,True,True,0.010850467436762833,0.17921284954537275,-2.348078715738568,0.1389520456477219
55a4f77e-3010-4e83-b040-1a36934bfc35,5bb8bcf4-da26-4202-aa77-08af633a3a33,5bb8bcf4-da26-4202-aa77-08af633a3a33,success,2026-07-07T00:51:52,60169.0,,0.3251748251748251,0.0909090909090909,0.1611888111888111,True,True,True,0.0017144594595268972,0.024824705909288185,-0.7286068577440011,-0.13305194464480002
74421100-2ef9-4c4a-9312-0cb7cfb0e185,152372ef-6902-40ab-bf8f-ac5d830c391e,152372ef-6902-40ab-bf8f-ac5d830c391e,success,2026-07-01T18:24:01,335703.0,,0.4458041958041958,0.0349650349650349,0.1582167832167832,True,True,True,0.010189275867271,0.1689918682961911,-2.0532653117725657,0.12147197226860532
8d5f1865-e9c7-4842-89ad-81ea8f16d3a9,152372ef-6902-40ab-bf8f-ac5d830c391e,152372ef-6902-40ab-bf8f-ac5d830c391e,success,2026-07-01T18:29:12,310792.0,,0.4458041958041958,0.0314685314685314,0.1557692307692307,True,True,True,0.010189275867271,0.1689918682961911,-2.0532653117725657,0.12147197226860532
e6a594e2-1084-4a3d-a84f-ea896357f3c7,9ff8ead8-0f37-11ed-93bb-da75731aa77c,9ff8ead8-0f37-11ed-93bb-da75731aa77c,success,2026-07-02T21:09:52,150896.0,,0.409965034965035,0.0454545454545454,0.1548076923076923,True,True,True,-0.004099449611968693,-0.07925790776050938,1.0095385490561934,0.14276063079857082
6967a453-1549-4d58-856e-475c894f8d82,152372ef-6902-40ab-bf8f-ac5d830c391e,152372ef-6902-40ab-bf8f-ac5d830c391e,success,2026-07-01T18:24:02,315683.0,,0.4458041958041958,0.0279720279720279,0.1533216783216783,True,True,True,0.010189275867271,0.1689918682961911,-2.0532653117725657,0.12147197226860532
c2503fe2-b5e6-4313-a7a3-d94f277d6d0a,152372ef-6902-40ab-bf8f-ac5d830c391e,152372ef-6902-40ab-bf8f-ac5d830c391e,success,2026-07-01T18:25:01,275460.0,,0.4458041958041958,0.0244755244755244,0.1508741258741258,True,True,True,0.010189275867271,0.1689918682961911,-2.0532653117725657,0.12147197226860532
032c252d-d83e-4fbf-8b3b-33a0d7ee7b52,e5f17ec9-2cbc-4af3-bcb2-6970d2797b71,e5f17ec9-2cbc-4af3-bcb2-6970d2797b71,success,2026-07-02T15:17:22,101398.0,,0.291958041958042,0.0769230769230769,0.1414335664335664,True,True,True,-0.005514505977544692,-0.0636494625550701,-0.6579476613227647,0.04405504399596512
d77b34a6-b5b5-44a2-837c-ebd45c330760,152372ef-6902-40ab-bf8f-ac5d830c391e,152372ef-6902-40ab-bf8f-ac5d830c391e,success,2026-07-01T18:25:49,290774.0,,0.1993006993006993,0.1048951048951049,0.1332167832167832,True,True,True,-0.0028567060272158026,-0.049532116720957343,-2.6270358103195552,-0.13595093363157762
b6e9eb3d-1c3e-4f09-9463-e94f5bc67c80,7700b1f8-5672-4b2d-a6f7-7facbf17e1ac,7700b1f8-5672-4b2d-a6f7-7facbf17e1ac,success,2026-07-07T08:35:01,105608.0,,0.2342657342657342,0.0874125874125874,0.1314685314685314,True,True,True,-0.0017888430495788463,-0.05142212664116978,-2.304918973097738,-0.024146573038994836
70389c76-4172-47a0-9920-661a80c6ffc8,2b615c3c-1166-4c4a-a1c4-88151fc73a24,2b615c3c-1166-4c4a-a1c4-88151fc73a24,success,2026-07-02T14:48:39,25058.0,,0.2639860139860139,0.0734265734265734,0.1305944055944055,True,True,True,-0.0014428699413263357,-0.031850932047128126,-0.31970980890618483,-0.5772161304983645
a5708f53-edb4-4e32-82a7-c8f44df6b399,49209a89-d865-4d83-9764-8634fc235fcd,49209a89-d865-4d83-9764-8634fc235fcd,success,2026-07-04T20:02:03,30102.0,,0.0734265734265734,0.1398601398601398,0.1199300699300699,True,True,True,-0.02218084625938796,-0.35818041130111367,-2.5315996072773346,-0.27700664776030304
1002a65f-aaea-484a-8d45-c030a3a3794a,e5f17ec9-2cbc-4af3-bcb2-6970d2797b71,e5f17ec9-2cbc-4af3-bcb2-6970d2797b71,success,2026-07-02T13:44:00,70064.0,,0.3872377622377623,0.0,0.1161713286713286,True,True,True,0.0028138208627979944,0.041424180803892846,0.9601963884161108,-0.2769597699548677
139462e0-ac51-44e8-9f2d-861d2b5aee50,152372ef-6902-40ab-bf8f-ac5d830c391e,152372ef-6902-40ab-bf8f-ac5d830c391e,success,2026-07-01T18:06:35,180234.0,,0.1993006993006993,0.0804195804195804,0.116083916083916,True,True,True,-0.0028567060272158026,-0.049532116720957343,-2.6270358103195552,-0.13595093363157762
1dc16d26-e4df-45b1-b4f6-a3817d68f265,49209a89-d865-4d83-9764-8634fc235fcd,49209a89-d865-4d83-9764-8634fc235fcd,success,2026-07-04T21:51:57,110140.0,,0.041083916083916,0.1468531468531468,0.1151223776223775,True,True,True,-0.025900124381451072,-0.483384528050053,-2.914405609029504,-0.382621941363078
4a7cbf29-9bb7-4145-b8c1-dcc95d9ab11f,49209a89-d865-4d83-9764-8634fc235fcd,49209a89-d865-4d83-9764-8634fc235fcd,success,2026-07-04T16:43:25,35090.0,,0.0856643356643356,0.1258741258741259,0.1138111888111887,True,True,True,-0.004843201030527257,-0.12538434765624398,-6.2141492039417985,-0.5278953213049717
ef9d7b16-2e34-4622-9f04-5c3b569a097d,e2c38911-b760-4324-bbce-60e68a9aea68,e2c38911-b760-4324-bbce-60e68a9aea68,success,2026-07-02T16:18:06,25103.0,,0.0568181818181818,0.1223776223776223,0.1027097902097902,True,True,True,-0.015561041551220622,-0.2672056033275488,-3.9929346894818427,-0.3581092322113258
b2c60e7b-8ad7-449a-acd4-61b8ef73e1c4,9ff8ead8-0f37-11ed-93bb-da75731aa77c,9ff8ead8-0f37-11ed-93bb-da75731aa77c,success,2026-07-01T18:54:03,145401.0,,0.1529720279720279,0.0629370629370629,0.0899475524475524,True,True,True,-0.005101478911877493,-0.06783920360230848,-2.533153087703221,-0.29542412828063186
63972501-2def-4136-9d0a-948dc6bd8978,5d6e2418-77c2-43bd-9953-5884d4faefbd,5d6e2418-77c2-43bd-9953-5884d4faefbd,success,2026-07-07T13:21:22,25130.0,,0.0104895104895104,0.0489510489510489,0.0374125874125873,True,True,True,-0.02991760977416561,-0.5660641836839818,-5.4231622931887085,-0.8657782022363079
ac89a034-3ac4-4a0d-a1b8-15802cee8afa,ba4c50dd-2c01-4779-bc70-10bc1a959955,ba4c50dd-2c01-4779-bc70-10bc1a959955,user_error,2026-07-06T18:26:36,,user code exited with code 1,,,,False,False,False,,,,
dac8a397-ed8a-4173-ab16-2b912fe9ee48,a6d7a8cd-b596-4f00-9155-807083d1665d,a6d7a8cd-b596-4f00-9155-807083d1665d,user_error,2026-07-06T00:34:02,,user code exited with code 1,,,,False,False,False,,,,
b2ab0433-64a6-452a-adc7-c15ca740f319,c489445a-4837-4e08-b02f-3db2ec567b54,c489445a-4837-4e08-b02f-3db2ec567b54,user_error,2026-07-05T22:48:50,,user code exited with code 1,,,,False,False,False,,,,
c4a159e2-8bfc-4f4e-ba01-e01bfa2bb5db,152372ef-6902-40ab-bf8f-ac5d830c391e,152372ef-6902-40ab-bf8f-ac5d830c391e,file_error,2026-07-01T18:28:46,,"submission c4a159e2-8bfc-4f4e-ba01-e01bfa2bb5db has 0 notebooks, while exactly 1 is expected",,,,False,False,False,,,,
386edeac-a88f-4ebb-abd2-33cad09f005a,b60c0308-92fe-4b6f-b1ab-be3db5751785,b60c0308-92fe-4b6f-b1ab-be3db5751785,user_error,2026-07-04T18:26:19,,user code exited with code 1,,,,False,False,False,,,,
5d119d05-3b14-45b7-96fa-b2e376abe260,fd6e9a41-6008-4f65-8cac-701d4307d214,fd6e9a41-6008-4f65-8cac-701d4307d214,,,,,,,,False,False,False,,,,
de22d7fa-1957-49d3-ad3b-85accf1a8ae3,ff212a21-eb98-45ed-84d2-f6819dde2b13,ff212a21-eb98-45ed-84d2-f6819dde2b13,user_error,2026-07-07T02:13:04,,user code exited with code 1,,,,False,False,False,,,,
dd3b5278-a9e2-4079-b792-fc3fbd0e2ee3,af5602f4-4495-459f-b9bc-e5cfaefb219a,af5602f4-4495-459f-b9bc-e5cfaefb219a,file_error,2026-07-01T19:10:18,,"submission dd3b5278-a9e2-4079-b792-fc3fbd0e2ee3 has 2 notebooks, while exactly 1 is expected",,,,False,False,False,,,,
fe0722a2-887c-4dbe-bb9b-6634c0b392bb,5dd35480-0f38-11ed-93bb-da75731aa77c,5dd35480-0f38-11ed-93bb-da75731aa77c,user_error,2026-07-01T19:10:48,,user code exited with code -9,,,,False,False,False,,,,
0ea228f8-4f75-4e67-8a25-e5ae6e5cb5fc,111632bf-c7a8-48b7-bd80-afc1a1d8cd03,111632bf-c7a8-48b7-bd80-afc1a1d8cd03,user_error,2026-07-04T17:43:29,,user code exited with code 1,,,,False,False,False,,,,
0872f6af-0dbf-45e4-82f6-3464f215313f,3d5a2da3-5fe2-49a4-8c80-fca8f1899fbe,3d5a2da3-5fe2-49a4-8c80-fca8f1899fbe,user_error,2026-07-01T19:10:13,,user code exited with code 1,,,,False,False,False,,,,
de3d7f08-5511-4bbe-9e5c-b8ddea994b6f,ad1b1e03-16fa-4186-9261-dc579a8baeaa,ad1b1e03-16fa-4186-9261-dc579a8baeaa,user_error,2026-07-07T07:32:53,,user code exited with code -9,,,,False,False,False,,,,
81f1d703-dead-44dc-9d2e-fe556fa0256a,cf821d84-42ac-4da3-99d2-2b43ee813868,cf821d84-42ac-4da3-99d2-2b43ee813868,file_error,2026-07-04T20:01:33,,"submission 81f1d703-dead-44dc-9d2e-fe556fa0256a has 0 notebooks, while exactly 1 is expected",,,,False,False,False,,,,
4c7b04d5-bc5c-41fb-b00e-55d7ccd3ca5a,ff770cf2-5f1a-4a00-80c2-7beeac6ef820,ff770cf2-5f1a-4a00-80c2-7beeac6ef820,user_error,2026-07-01T17:10:14,,user code exited with code 1,,,,False,False,False,,,,
da25176d-9b64-4ebf-9bde-4bf148277218,af5602f4-4495-459f-b9bc-e5cfaefb219a,af5602f4-4495-459f-b9bc-e5cfaefb219a,user_error,2026-07-01T19:10:19,,user code exited with code 1,,,,False,False,False,,,,
ed1149a6-3b38-4f3b-a883-23c4d9fd47e1,c72b1b82-0c1d-45f4-a927-025a87bd6c5a,c72b1b82-0c1d-45f4-a927-025a87bd6c5a,user_error,2026-07-01T16:50:01,,user code exited with code 1,,,,False,False,False,,,,
4d997aa1-f4dc-4351-ad61-f4acfff60ae8,152372ef-6902-40ab-bf8f-ac5d830c391e,152372ef-6902-40ab-bf8f-ac5d830c391e,file_error,2026-07-01T18:28:45,,"submission 4d997aa1-f4dc-4351-ad61-f4acfff60ae8 has 0 notebooks, while exactly 1 is expected",,,,False,False,False,,,,
911eefc8-cb0d-44c8-89c5-dc610a4c20d0,894114a1-a006-4591-bbf1-35529905a8f6,894114a1-a006-4591-bbf1-35529905a8f6,user_error,2026-07-03T16:21:55,,user code exited with code 1,,,,False,False,False,,,,
347dda61-4576-4726-88bf-5b75f0660ae0,cf821d84-42ac-4da3-99d2-2b43ee813868,cf821d84-42ac-4da3-99d2-2b43ee813868,file_error,2026-07-01T19:10:19,,"submission 347dda61-4576-4726-88bf-5b75f0660ae0 has 0 notebooks, while exactly 1 is expected",,,,False,False,False,,,,
339ca15f-bfee-4fc0-87bb-476dc0acc84e,cf821d84-42ac-4da3-99d2-2b43ee813868,cf821d84-42ac-4da3-99d2-2b43ee813868,file_error,2026-07-03T21:49:00,,"submission 339ca15f-bfee-4fc0-87bb-476dc0acc84e has 0 notebooks, while exactly 1 is expected",,,,False,False,False,,,,
4e37ad39-50e3-40e2-b644-bd843356a796,894114a1-a006-4591-bbf1-35529905a8f6,894114a1-a006-4591-bbf1-35529905a8f6,user_error,2026-07-01T18:20:58,,user code exited with code 1,,,,False,False,False,,,,
b5dde106-6e9f-4446-af79-e10cf2ed68ed,cf821d84-42ac-4da3-99d2-2b43ee813868,cf821d84-42ac-4da3-99d2-2b43ee813868,file_error,2026-07-01T19:10:19,,"submission b5dde106-6e9f-4446-af79-e10cf2ed68ed has 0 notebooks, while exactly 1 is expected",,,,False,False,False,,,,
edf3a2ab-d831-4ea0-b044-b700c93fa096,ddcd891a-5bd3-4252-ac0c-d8a77d029e18,ddcd891a-5bd3-4252-ac0c-d8a77d029e18,user_error,2026-07-01T19:10:09,,user code exited with code 1,,,,False,False,False,,,,
a91ffc99-2565-408a-9a8f-2cd8e0fce376,df1cf856-fb0e-4348-b462-0d4e229bbb88,df1cf856-fb0e-4348-b462-0d4e229bbb88,success,2026-07-07T14:21:22,161084.0,,,,,True,True,False,0.012666696093919816,0.24617072939998086,1.8186607018002947,0.45660494256118617
97cd521a-d358-4263-8650-4188d4210f02,b60c0308-92fe-4b6f-b1ab-be3db5751785,b60c0308-92fe-4b6f-b1ab-be3db5751785,user_error,2026-07-01T17:26:29,,user code exited with code 1,,,,False,False,False,,,,
ab4fd135-3160-4252-b694-9a783bc09e22,b60c0308-92fe-4b6f-b1ab-be3db5751785,b60c0308-92fe-4b6f-b1ab-be3db5751785,user_error,2026-07-01T17:10:36,,user code exited with code 1,,,,False,False,False,,,,
93b8732d-2c08-4273-ad1d-c8288971bcd7,cf821d84-42ac-4da3-99d2-2b43ee813868,cf821d84-42ac-4da3-99d2-2b43ee813868,file_error,2026-07-01T19:10:19,,"submission 93b8732d-2c08-4273-ad1d-c8288971bcd7 has 0 notebooks, while exactly 1 is expected",,,,False,False,False,,,,
3935acc8-34f9-412e-877f-d8d281444145,cf821d84-42ac-4da3-99d2-2b43ee813868,cf821d84-42ac-4da3-99d2-2b43ee813868,user_error,2026-07-05T19:06:54,,user code exited with code 1,,,,False,False,False,,,,
73bdb7f6-d682-47e6-93e7-9206e9bc2a58,894114a1-a006-4591-bbf1-35529905a8f6,894114a1-a006-4591-bbf1-35529905a8f6,user_error,2026-07-01T17:03:54,,user code exited with code 1,,,,False,False,False,,,,
845afac9-2382-43a3-9ee0-2f5a3312ad28,10000000-0000-0000-0000-000000000001,10000000-0000-0000-0000-000000000001,file_error,2026-07-02T18:10:49,,"submission 845afac9-2382-43a3-9ee0-2f5a3312ad28 has 0 notebooks, while exactly 1 is expected",,,,False,False,False,,,,
63afdb22-0fb1-4ce7-a982-ab9da8816ece,152372ef-6902-40ab-bf8f-ac5d830c391e,152372ef-6902-40ab-bf8f-ac5d830c391e,file_error,2026-07-01T18:28:47,,"submission 63afdb22-0fb1-4ce7-a982-ab9da8816ece has 0 notebooks, while exactly 1 is expected",,,,False,False,False,,,,
7a824ec5-d31e-406c-b82c-49a3c79a55b9,59d208d1-2373-4c80-a496-f9ca5d83de7f,59d208d1-2373-4c80-a496-f9ca5d83de7f,user_error,2026-07-01T16:57:03,,user code exited with code -9,,,,False,False,False,,,,
4adc9761-c4de-428e-86ba-7878279204ea,99484def-b29b-40cc-9e83-3777003d5ba2,99484def-b29b-40cc-9e83-3777003d5ba2,user_error,2026-07-01T17:40:31,,user code exited with code -9,,,,False,False,False,,,,
b192655b-c85c-4ca9-8d2c-0262697e52b6,894114a1-a006-4591-bbf1-35529905a8f6,894114a1-a006-4591-bbf1-35529905a8f6,user_error,2026-07-06T10:45:16,,user code exited with code 1,,,,False,False,False,,,,
655d8629-3946-45bc-b340-7465f454e08e,2f6ba3a8-e515-4d26-97ca-a61e7e215d9d,2f6ba3a8-e515-4d26-97ca-a61e7e215d9d,user_error,2026-07-02T13:34:51,,user code exited with code 1,,,,False,False,False,,,,
8ecd8f7e-0d1b-4f85-abbd-9762b7c743f0,e5dae5a8-ef6f-4837-86a2-7722efa77906,e5dae5a8-ef6f-4837-86a2-7722efa77906,user_error,2026-07-01T17:11:17,,user code exited with code 1,,,,False,False,False,,,,
cdfe2ed4-5282-4c84-a3e2-e505482867ff,b60c0308-92fe-4b6f-b1ab-be3db5751785,b60c0308-92fe-4b6f-b1ab-be3db5751785,file_error,2026-07-01T17:01:51,,"submission cdfe2ed4-5282-4c84-a3e2-e505482867ff has 0 notebooks, while exactly 1 is expected",,,,False,False,False,,,,
100a67aa-752a-4151-953f-9772e38d8808,ee52c8a1-6681-4fb1-88e5-080c11d1cac6,ee52c8a1-6681-4fb1-88e5-080c11d1cac6,user_error,2026-07-06T22:17:02,,user code exited with code 1,,,,False,False,False,,,,
af3e2a57-69d9-4fa7-b57d-48c6a1019d48,cf821d84-42ac-4da3-99d2-2b43ee813868,cf821d84-42ac-4da3-99d2-2b43ee813868,file_error,2026-07-01T19:10:19,,"submission af3e2a57-69d9-4fa7-b57d-48c6a1019d48 has 0 notebooks, while exactly 1 is expected",,,,False,False,False,,,,
7828f727-3c4b-4335-a452-947c8e52851d,111632bf-c7a8-48b7-bd80-afc1a1d8cd03,111632bf-c7a8-48b7-bd80-afc1a1d8cd03,file_error,2026-07-05T03:46:16,,Expecting value: line 1 column 1 (char 0),,,,False,False,False,,,,
556863f1-b261-41a3-b1e7-e4056f8c1974,cf821d84-42ac-4da3-99d2-2b43ee813868,cf821d84-42ac-4da3-99d2-2b43ee813868,file_error,2026-07-04T20:01:33,,"submission 556863f1-b261-41a3-b1e7-e4056f8c1974 has 0 notebooks, while exactly 1 is expected",,,,False,False,False,,,,
c560c2dc-a5ec-45fa-a2b9-76d22e134b72,cf821d84-42ac-4da3-99d2-2b43ee813868,cf821d84-42ac-4da3-99d2-2b43ee813868,file_error,2026-07-01T19:10:18,,"submission c560c2dc-a5ec-45fa-a2b9-76d22e134b72 has 0 notebooks, while exactly 1 is expected",,,,False,False,False,,,,
9308d245-768d-45af-9e45-86d60f5d8ece,c72b1b82-0c1d-45f4-a927-025a87bd6c5a,c72b1b82-0c1d-45f4-a927-025a87bd6c5a,user_error,2026-07-03T13:06:57,,user code exited with code 1,,,,False,False,False,,,,
624522a0-1f1f-4653-8f8d-ff3a9e3e928b,c72b1b82-0c1d-45f4-a927-025a87bd6c5a,c72b1b82-0c1d-45f4-a927-025a87bd6c5a,user_error,2026-07-01T16:50:01,,user code exited with code 1,,,,False,False,False,,,,
b18ad778-a8e5-4252-a3a5-33034bf3c871,c489445a-4837-4e08-b02f-3db2ec567b54,c489445a-4837-4e08-b02f-3db2ec567b54,user_error,2026-07-05T19:18:08,,user code exited with code 1,,,,False,False,False,,,,
2a3bf31b-1e4c-4dae-b0f5-d700286800ee,cf821d84-42ac-4da3-99d2-2b43ee813868,cf821d84-42ac-4da3-99d2-2b43ee813868,file_error,2026-07-01T19:10:20,,"submission 2a3bf31b-1e4c-4dae-b0f5-d700286800ee has 0 notebooks, while exactly 1 is expected",,,,False,False,False,,,,
b176f793-f775-4af2-b8ce-fcb962f7a51c,47cc9b08-4ab2-484f-8883-5131c0e93983,47cc9b08-4ab2-484f-8883-5131c0e93983,file_error,2026-07-04T23:11:22,,"submission b176f793-f775-4af2-b8ce-fcb962f7a51c has 0 notebooks, while exactly 1 is expected",,,,False,False,False,,,,
e2349b40-3811-4320-a8d2-be32ee20e780,cf821d84-42ac-4da3-99d2-2b43ee813868,cf821d84-42ac-4da3-99d2-2b43ee813868,file_error,2026-07-01T19:10:19,,"submission e2349b40-3811-4320-a8d2-be32ee20e780 has 0 notebooks, while exactly 1 is expected",,,,False,False,False,,,,
46c8b97e-821e-473b-a9fc-20efd96853dc,e5dae5a8-ef6f-4837-86a2-7722efa77906,e5dae5a8-ef6f-4837-86a2-7722efa77906,user_error,2026-07-01T19:16:25,,user code exited with code 1,,,,False,False,False,,,,
638b1685-97b9-4221-9db2-f8363450d6f3,cf821d84-42ac-4da3-99d2-2b43ee813868,cf821d84-42ac-4da3-99d2-2b43ee813868,user_error,2026-07-05T19:06:54,,user code exited with code 1,,,,False,False,False,,,,
8ec18b28-9a20-4938-8466-9d493ab9d26f,eeee9104-de64-484e-b1db-7a0daf4ea7aa,eeee9104-de64-484e-b1db-7a0daf4ea7aa,user_error,2026-07-01T18:49:07,,user code exited with code 1,,,,False,False,False,,,,
2cbba212-a328-4c18-97b7-bb0e131b03cf,894114a1-a006-4591-bbf1-35529905a8f6,894114a1-a006-4591-bbf1-35529905a8f6,user_error,2026-07-01T18:11:26,,user code exited with code -9,,,,False,False,False,,,,
e2370a54-478a-4afb-8910-1921382c68ba,e2c38911-b760-4324-bbce-60e68a9aea68,e2c38911-b760-4324-bbce-60e68a9aea68,user_error,2026-07-03T10:31:33,,user code exited with code 1,,,,False,False,False,,,,
7a25a582-7df1-44b5-8cce-167d8ada30c1,229ed75e-09d6-41b9-9260-a4495a63e5d7,229ed75e-09d6-41b9-9260-a4495a63e5d7,user_error,2026-07-07T14:18:40,,user code exited with code 1,,,,False,False,False,,,,
d7b67f2f-4a61-478e-9176-0c45a5609460,9059556e-ee71-4729-9b62-e15f75389581,9059556e-ee71-4729-9b62-e15f75389581,success,2026-07-07T14:26:37,931109.0,,,,,True,True,False,0.028179267610719975,0.6938895596782694,2.738385876738333,0.7345125751239936
18c93265-ad39-4de2-af88-a958972d84dd,c72b1b82-0c1d-45f4-a927-025a87bd6c5a,c72b1b82-0c1d-45f4-a927-025a87bd6c5a,user_error,2026-07-03T11:39:20,,user code exited with code 1,,,,False,False,False,,,,
0086e11a-bb5a-468b-8fa7-04289a1391ae,cf821d84-42ac-4da3-99d2-2b43ee813868,cf821d84-42ac-4da3-99d2-2b43ee813868,user_error,2026-07-05T20:29:23,,user code exited with code 1,,,,False,False,False,,,,
de496547-89a8-4662-a8e1-e4fd4ead2e88,99484def-b29b-40cc-9e83-3777003d5ba2,99484def-b29b-40cc-9e83-3777003d5ba2,user_error,2026-07-01T17:33:40,,user code exited with code 1,,,,False,False,False,,,,
2af464c0-9fbc-48b5-b392-32c34efcb3f4,ee52c8a1-6681-4fb1-88e5-080c11d1cac6,ee52c8a1-6681-4fb1-88e5-080c11d1cac6,user_error,2026-07-07T13:34:19,,user code exited with code 1,,,,False,False,False,,,,
f0b68a90-c71c-4b45-bb68-dbb1529396c7,e4d0e995-ccba-40bd-b2b2-9c0cd9115cd2,e4d0e995-ccba-40bd-b2b2-9c0cd9115cd2,user_error,2026-07-04T23:43:23,,user code exited with code -9,,,,False,False,False,,,,
34285a75-5023-4cff-8fcd-f2b0f851a141,df010c22-69d5-4218-bb22-9d212349929d,df010c22-69d5-4218-bb22-9d212349929d,user_error,2026-07-07T13:03:49,,user code exited with code 1,,,,False,False,False,,,,
f369fa52-1409-4459-9b15-26d1fc052f9b,8b61edf4-0f37-11ed-93bb-da75731aa77c,8b61edf4-0f37-11ed-93bb-da75731aa77c,user_error,2026-07-01T18:35:12,,user code exited with code 1,,,,False,False,False,,,,
0f52acd8-ed72-49f2-b538-21c3e9b29deb,cf821d84-42ac-4da3-99d2-2b43ee813868,cf821d84-42ac-4da3-99d2-2b43ee813868,file_error,2026-07-01T19:10:19,,"submission 0f52acd8-ed72-49f2-b538-21c3e9b29deb has 0 notebooks, while exactly 1 is expected",,,,False,False,False,,,,
268428ae-5e66-4919-b33f-0862b98adcd3,ee52c8a1-6681-4fb1-88e5-080c11d1cac6,ee52c8a1-6681-4fb1-88e5-080c11d1cac6,user_error,2026-07-07T13:34:19,,user code exited with code 1,,,,False,False,False,,,,
c3e9c67e-c1f8-4996-afe4-2c16ce243b07,cf821d84-42ac-4da3-99d2-2b43ee813868,cf821d84-42ac-4da3-99d2-2b43ee813868,file_error,2026-07-04T19:18:58,,"submission c3e9c67e-c1f8-4996-afe4-2c16ce243b07 has 0 notebooks, while exactly 1 is expected",,,,False,False,False,,,,
ee67f636-1221-4c08-b653-8287d6acb911,eefe58bd-731b-4f9d-98b4-0000f7c27689,eefe58bd-731b-4f9d-98b4-0000f7c27689,file_error,2026-07-01T17:01:50,,"submission ee67f636-1221-4c08-b653-8287d6acb911 has 0 notebooks, while exactly 1 is expected",,,,False,False,False,,,,
9c4e3585-e9bd-421b-ac74-a4ceba90c441,8b61edf4-0f37-11ed-93bb-da75731aa77c,8b61edf4-0f37-11ed-93bb-da75731aa77c,user_error,2026-07-01T18:35:17,,user code exited with code 1,,,,False,False,False,,,,
939a6479-5af4-4799-96e7-31a05afaaeb8,c489445a-4837-4e08-b02f-3db2ec567b54,c489445a-4837-4e08-b02f-3db2ec567b54,user_error,2026-07-05T22:48:50,,user code exited with code 1,,,,False,False,False,,,,
5d80401e-4568-4cdc-900b-4947efff8c47,a6d7a8cd-b596-4f00-9155-807083d1665d,a6d7a8cd-b596-4f00-9155-807083d1665d,user_error,2026-07-06T00:18:07,,user code exited with code 1,,,,False,False,False,,,,
a0e0693d-8a2b-488d-a7f9-16c38083261d,ad1b1e03-16fa-4186-9261-dc579a8baeaa,ad1b1e03-16fa-4186-9261-dc579a8baeaa,user_error,2026-07-07T07:33:33,,user code exited with code -9,,,,False,False,False,,,,
03468608-0646-4814-b63e-ba8cedafa020,cf821d84-42ac-4da3-99d2-2b43ee813868,cf821d84-42ac-4da3-99d2-2b43ee813868,file_error,2026-07-01T19:10:19,,"submission 03468608-0646-4814-b63e-ba8cedafa020 has 0 notebooks, while exactly 1 is expected",,,,False,False,False,,,,
ef12fc41-c750-43ef-9be4-bfca759d24a6,cf821d84-42ac-4da3-99d2-2b43ee813868,cf821d84-42ac-4da3-99d2-2b43ee813868,file_error,2026-07-01T19:10:19,,"submission ef12fc41-c750-43ef-9be4-bfca759d24a6 has 0 notebooks, while exactly 1 is expected",,,,False,False,False,,,,
4fc13067-3602-430a-9439-21e55748cbc5,af5602f4-4495-459f-b9bc-e5cfaefb219a,af5602f4-4495-459f-b9bc-e5cfaefb219a,file_error,2026-07-01T19:10:18,,"submission 4fc13067-3602-430a-9439-21e55748cbc5 has 2 notebooks, while exactly 1 is expected",,,,False,False,False,,,,
c96792da-a033-4bde-9fe0-abbf42436156,df010c22-69d5-4218-bb22-9d212349929d,df010c22-69d5-4218-bb22-9d212349929d,user_error,2026-07-07T14:27:03,,user code exited with code 1,,,,False,False,False,,,,
40f59caa-8576-4960-ae2f-4857b587e089,201d2b22-28d1-43fa-8d46-eef8a980ad56,201d2b22-28d1-43fa-8d46-eef8a980ad56,user_error,2026-07-07T13:39:22,,user code exited with code 1,,,,False,False,False,,,,
3480bfa2-5896-4a7e-b725-dcc37ba4ed5c,99484def-b29b-40cc-9e83-3777003d5ba2,99484def-b29b-40cc-9e83-3777003d5ba2,user_error,2026-07-01T17:38:17,,user code exited with code -9,,,,False,False,False,,,,
b38c9221-0966-44f0-b8eb-6a8ba195aed8,152372ef-6902-40ab-bf8f-ac5d830c391e,152372ef-6902-40ab-bf8f-ac5d830c391e,file_error,2026-07-01T18:28:47,,"submission b38c9221-0966-44f0-b8eb-6a8ba195aed8 has 0 notebooks, while exactly 1 is expected",,,,False,False,False,,,,
4a0930df-82c1-488c-893a-84e31aee6ff9,f8d26d3a-4320-4649-9a17-ee3555c46bd1,f8d26d3a-4320-4649-9a17-ee3555c46bd1,file_error,2026-07-07T01:27:14,,"submission 4a0930df-82c1-488c-893a-84e31aee6ff9 has 0 notebooks, while exactly 1 is expected",,,,False,False,False,,,,
f68667a9-c57f-4ff2-be32-f2576f4e5d1e,b60c0308-92fe-4b6f-b1ab-be3db5751785,b60c0308-92fe-4b6f-b1ab-be3db5751785,user_error,2026-07-01T17:25:23,,user code exited with code 1,,,,False,False,False,,,,
2f6a2546-367b-4b57-8bc7-ef883e31f166,c489445a-4837-4e08-b02f-3db2ec567b54,c489445a-4837-4e08-b02f-3db2ec567b54,user_error,2026-07-05T19:18:08,,user code exited with code 1,,,,False,False,False,,,,
13f81c2c-2a94-42f5-ad02-cdee483f3cc8,1ce9beea-21e4-43a7-8cfa-36d16bdb533d,1ce9beea-21e4-43a7-8cfa-36d16bdb533d,user_error,2026-07-07T12:09:40,,user code exited with code 1,,,,False,False,False,,,,
173a72af-ac44-4da2-ae99-1bc19c052e0a,894114a1-a006-4591-bbf1-35529905a8f6,894114a1-a006-4591-bbf1-35529905a8f6,user_error,2026-07-01T16:55:54,,user code exited with code -9,,,,False,False,False,,,,
5374d177-3397-4a1d-b93e-47c85ce5c4b0,59d208d1-2373-4c80-a496-f9ca5d83de7f,59d208d1-2373-4c80-a496-f9ca5d83de7f,user_error,2026-07-01T16:55:54,,user code exited with code -9,,,,False,False,False,,,,
710e60da-59f2-45a5-8ae5-2791d8a4edb4,3c35dcda-8b19-4f51-a82c-d3a9344cf3d4,3c35dcda-8b19-4f51-a82c-d3a9344cf3d4,user_error,2026-07-05T17:46:27,,user code exited with code 1,,,,False,False,False,,,,
1baaadab-0310-422c-afeb-468085d79c7b,152372ef-6902-40ab-bf8f-ac5d830c391e,152372ef-6902-40ab-bf8f-ac5d830c391e,file_error,2026-07-01T18:28:46,,"submission 1baaadab-0310-422c-afeb-468085d79c7b has 0 notebooks, while exactly 1 is expected",,,,False,False,False,,,,
50afb9f8-433e-4881-b3e3-84eb7c0e9938,ff770cf2-5f1a-4a00-80c2-7beeac6ef820,ff770cf2-5f1a-4a00-80c2-7beeac6ef820,user_error,2026-07-01T17:10:19,,user code exited with code 1,,,,False,False,False,,,,
c6111a8e-e6b5-4c77-9d2f-ffea734427ca,ad1b1e03-16fa-4186-9261-dc579a8baeaa,ad1b1e03-16fa-4186-9261-dc579a8baeaa,user_error,2026-07-07T07:33:03,,user code exited with code -9,,,,False,False,False,,,,
c724836a-84de-4cd8-a2bf-ba48b0a9ef35,5bb8bcf4-da26-4202-aa77-08af633a3a33,5bb8bcf4-da26-4202-aa77-08af633a3a33,,,,,,,,False,False,False,,,,
52a6e2a7-08e9-4135-ba03-d2f16f2f9384,cf821d84-42ac-4da3-99d2-2b43ee813868,cf821d84-42ac-4da3-99d2-2b43ee813868,file_error,2026-07-01T19:10:19,,"submission 52a6e2a7-08e9-4135-ba03-d2f16f2f9384 has 0 notebooks, while exactly 1 is expected",,,,False,False,False,,,,
44b7f543-f104-405d-ba3c-c5cbb7660f52,894114a1-a006-4591-bbf1-35529905a8f6,894114a1-a006-4591-bbf1-35529905a8f6,user_error,2026-07-01T16:24:38,,user code exited with code 1,,,,False,False,False,,,,
bbcbdf83-91ea-4954-9be3-4e55771bae25,af5602f4-4495-459f-b9bc-e5cfaefb219a,af5602f4-4495-459f-b9bc-e5cfaefb219a,user_error,2026-07-01T19:10:18,,user code exited with code 1,,,,False,False,False,,,,
5d71e717-6274-49df-b93b-c308de299b45,5848f600-0f38-11ed-93bb-da75731aa77c,5848f600-0f38-11ed-93bb-da75731aa77c,user_error,2026-07-02T17:24:07,,user code exited with code -9,,,,False,False,False,,,,
7bfd958e-dfe9-4cd7-8444-2bcfc021c25f,df010c22-69d5-4218-bb22-9d212349929d,df010c22-69d5-4218-bb22-9d212349929d,user_error,2026-07-07T11:25:21,,user code exited with code 1,,,,False,False,False,,,,
bf3706e8-73e9-44f5-829e-e81a57513b60,152372ef-6902-40ab-bf8f-ac5d830c391e,152372ef-6902-40ab-bf8f-ac5d830c391e,file_error,2026-07-01T18:28:45,,"submission bf3706e8-73e9-44f5-829e-e81a57513b60 has 0 notebooks, while exactly 1 is expected",,,,False,False,False,,,,
b5a799b3-a49c-4d72-b9ce-75cd3c095c27,cf821d84-42ac-4da3-99d2-2b43ee813868,cf821d84-42ac-4da3-99d2-2b43ee813868,file_error,2026-07-01T19:10:19,,"submission b5a799b3-a49c-4d72-b9ce-75cd3c095c27 has 0 notebooks, while exactly 1 is expected",,,,False,False,False,,,,
ed11f492-280f-4d94-86c9-7232df88ab81,ad1b1e03-16fa-4186-9261-dc579a8baeaa,ad1b1e03-16fa-4186-9261-dc579a8baeaa,user_error,2026-07-07T07:33:13,,user code exited with code -9,,,,False,False,False,,,,
30523553-d3a6-4368-abe2-a01ffd286936,057dedb4-f36f-43c0-928a-e986ee1c9ea1,057dedb4-f36f-43c0-928a-e986ee1c9ea1,user_error,2026-07-02T16:03:01,,user code exited with code -9,,,,False,False,False,,,,
b6251e3b-c096-458a-b58b-3f27d188a606,ff212a21-eb98-45ed-84d2-f6819dde2b13,ff212a21-eb98-45ed-84d2-f6819dde2b13,user_error,2026-07-06T03:04:28,,user code exited with code 1,,,,False,False,False,,,,
73b7daef-d9bf-45c1-9288-80654e8b5d97,c489445a-4837-4e08-b02f-3db2ec567b54,c489445a-4837-4e08-b02f-3db2ec567b54,user_error,2026-07-05T19:18:13,,user code exited with code 1,,,,False,False,False,,,,
aca0aa6b-16d6-45cf-a0b2-8940ebc237ca,af5602f4-4495-459f-b9bc-e5cfaefb219a,af5602f4-4495-459f-b9bc-e5cfaefb219a,user_error,2026-07-01T19:10:22,,user code exited with code 1,,,,False,False,False,,,,
e0171859-3503-49c7-aaa9-0c6903060374,e19dd1c9-3031-443f-9c87-7c67ad10b6a6,e19dd1c9-3031-443f-9c87-7c67ad10b6a6,user_error,2026-07-07T12:09:40,,user code exited with code 1,,,,False,False,False,,,,
7d244f6f-9283-4ac3-bee6-fefb1c3c4b26,894114a1-a006-4591-bbf1-35529905a8f6,894114a1-a006-4591-bbf1-35529905a8f6,user_error,2026-07-05T00:31:01,,user code exited with code 1,,,,False,False,False,,,,
0125042e-dcc4-4de1-ad1d-6085271101f6,cf821d84-42ac-4da3-99d2-2b43ee813868,cf821d84-42ac-4da3-99d2-2b43ee813868,file_error,2026-07-04T20:01:33,,"submission 0125042e-dcc4-4de1-ad1d-6085271101f6 has 0 notebooks, while exactly 1 is expected",,,,False,False,False,,,,
7016cf9a-abc3-49b1-bc26-b1d01f50b75e,3d5a2da3-5fe2-49a4-8c80-fca8f1899fbe,3d5a2da3-5fe2-49a4-8c80-fca8f1899fbe,user_error,2026-07-01T19:10:14,,user code exited with code 1,,,,False,False,False,,,,
2a4a12ce-11b7-4df1-86eb-310af9d71f85,c72b1b82-0c1d-45f4-a927-025a87bd6c5a,c72b1b82-0c1d-45f4-a927-025a87bd6c5a,user_error,2026-07-01T16:50:46,,user code exited with code 1,,,,False,False,False,,,,
68b95ba3-5ade-40f6-bbe4-aa3bb7e593c8,b60c0308-92fe-4b6f-b1ab-be3db5751785,b60c0308-92fe-4b6f-b1ab-be3db5751785,user_error,2026-07-01T17:10:09,,user code exited with code 1,,,,False,False,False,,,,
8e40194a-850e-4e14-994d-750a0267fa66,cf821d84-42ac-4da3-99d2-2b43ee813868,cf821d84-42ac-4da3-99d2-2b43ee813868,user_error,2026-07-05T19:06:54,,user code exited with code 1,,,,False,False,False,,,,
9f7ca275-7da7-4f1e-9327-bb851b494d9b,df010c22-69d5-4218-bb22-9d212349929d,df010c22-69d5-4218-bb22-9d212349929d,user_error,2026-07-07T13:34:54,,user code exited with code 1,,,,False,False,False,,,,
60ec6a38-8df5-4c64-8b4a-b65601b5edff,59d208d1-2373-4c80-a496-f9ca5d83de7f,59d208d1-2373-4c80-a496-f9ca5d83de7f,user_error,2026-07-01T16:36:15,,user code exited with code 1,,,,False,False,False,,,,
d63d1cc2-2cdb-4f9c-b668-f613adeb1af1,0ffca298-0f38-11ed-93bb-da75731aa77c,0ffca298-0f38-11ed-93bb-da75731aa77c,user_error,2026-07-06T14:24:24,,user code exited with code 1,,,,False,False,False,,,,
0a554c8a-bea4-4148-bd6b-ac648cda0585,af5602f4-4495-459f-b9bc-e5cfaefb219a,af5602f4-4495-459f-b9bc-e5cfaefb219a,user_error,2026-07-01T19:10:16,,user code exited with code 1,,,,False,False,False,,,,
5ebaa306-605a-4396-9502-9add078aebb6,4bb56460-0feb-11ed-b91a-da75731aa77c,4bb56460-0feb-11ed-b91a-da75731aa77c,file_error,2026-07-01T19:10:20,,"submission 5ebaa306-605a-4396-9502-9add078aebb6 has 3 notebooks, while exactly 1 is expected",,,,False,False,False,,,,
c7e465b0-ebf2-4c80-82ba-59902ae2414b,a6d7a8cd-b596-4f00-9155-807083d1665d,a6d7a8cd-b596-4f00-9155-807083d1665d,user_error,2026-07-06T00:56:25,,user code exited with code 1,,,,False,False,False,,,,
4d09661c-e54a-4811-b34c-c7b07c6f0d6e,f063d437-4552-4c59-aac4-f563025be584,f063d437-4552-4c59-aac4-f563025be584,user_error,2026-07-06T22:38:43,,user code exited with code 1,,,,False,False,False,,,,
cb8fd6d8-5423-4268-92f5-65bcc4a3ea7d,9059556e-ee71-4729-9b62-e15f75389581,9059556e-ee71-4729-9b62-e15f75389581,,,,,,,,False,False,False,,,,
